1,5343,0,5343,0,5343,384,5343,0,5343,
1,3010,0,3010,0,3010,384,3010,0,3010,
1,3013,0,3013,0,3013,384,3013,0,3013,
1,2956,0,2956,0,2956,384,2956,0,2956,
1,2996,0,2996,0,2996,384,2996,0,2996,
1,2954,0,2954,0,2954,384,2954,0,2954,
1,3003,0,3003,0,3003,384,3003,0,3003,
1,2953,0,2953,0,2953,384,2953,0,2953,
1,3001,0,3001,0,3001,384,3001,0,3001,
1,2980,0,2980,0,2980,384,2980,0,2980,
1,3002,0,3002,0,3002,384,3002,0,3002,
1,2953,0,2953,0,2953,384,2953,0,2953,
1,2984,0,2984,0,2984,384,2984,0,2984,
1,2991,0,2991,0,2991,384,2991,0,2991,
1,3029,0,3029,0,3029,384,3029,0,3029,
1,2942,0,2942,0,2942,384,2942,0,2942,
1,3094,0,3094,0,3094,384,3094,0,3094,
1,2956,0,2956,0,2956,384,2956,0,2956,
1,3302,0,3302,0,3302,384,3302,0,3302,
1,3018,0,3018,0,3018,384,3018,0,3018,
1,3015,0,3015,0,3015,384,3015,0,3015,
1,2952,0,2952,0,2952,384,2952,0,2952,
1,2958,0,2958,0,2958,384,2958,0,2958,
1,3458,0,3458,0,3458,384,3458,0,3458,
1,3343,0,3343,0,3343,384,3343,0,3343,
1,3011,0,3011,0,3011,384,3011,0,3011,
1,3020,0,3020,0,3020,384,3020,0,3020,
1,3017,0,3017,0,3017,384,3017,0,3017,
1,3004,0,3004,0,3004,384,3004,0,3004,
1,2948,0,2948,0,2948,384,2948,0,2948,
1,3108,0,3108,0,3108,384,3108,0,3108,
1,3029,0,3029,0,3029,384,3029,0,3029,
1,2992,0,2992,0,2992,384,2992,0,2992,
1,2962,0,2962,0,2962,384,2962,0,2962,
1,2953,0,2953,0,2953,384,2953,0,2953,
1,3016,0,3016,0,3016,384,3016,0,3016,
1,2992,0,2992,0,2992,384,2992,0,2992,
1,3010,0,3010,0,3010,384,3010,0,3010,
1,2964,0,2964,0,2964,384,2964,0,2964,
1,3508,0,3508,0,3508,384,3508,0,3508,
1,3084,0,3084,0,3084,384,3084,0,3084,
1,3059,0,3059,0,3059,384,3059,0,3059,
1,3070,0,3070,0,3070,384,3070,0,3070,
1,3078,0,3078,0,3078,384,3078,0,3078,
1,3045,0,3045,0,3045,384,3045,0,3045,
1,3092,0,3092,0,3092,384,3092,0,3092,
1,3039,0,3039,0,3039,384,3039,0,3039,
1,3048,0,3048,0,3048,384,3048,0,3048,
1,3024,0,3024,0,3024,384,3024,0,3024,
1,3079,0,3079,0,3079,384,3079,0,3079,
1,3033,0,3033,0,3033,384,3033,0,3033,
1,3086,0,3086,0,3086,384,3086,0,3086,
1,3051,0,3051,0,3051,384,3051,0,3051,
1,3051,0,3051,0,3051,384,3051,0,3051,
1,3060,0,3060,0,3060,384,3060,0,3060,
1,3084,0,3084,0,3084,384,3084,0,3084,
1,3037,0,3037,0,3037,384,3037,0,3037,
1,3101,0,3101,0,3101,384,3101,0,3101,
1,3025,0,3025,0,3025,384,3025,0,3025,
1,3059,0,3059,0,3059,384,3059,0,3059,
1,3036,0,3036,0,3036,384,3036,0,3036,
1,3102,0,3102,0,3102,384,3102,0,3102,
1,3067,0,3067,0,3067,384,3067,0,3067,
1,3131,0,3131,0,3131,384,3131,0,3131,
1,3029,0,3029,0,3029,384,3029,0,3029,
1,3050,0,3050,0,3050,384,3050,0,3050,
1,3035,0,3035,0,3035,384,3035,0,3035,
1,3102,0,3102,0,3102,384,3102,0,3102,
1,3092,0,3092,0,3092,384,3092,0,3092,
1,3102,0,3102,0,3102,384,3102,0,3102,
1,3038,0,3038,0,3038,384,3038,0,3038,
1,3055,0,3055,0,3055,384,3055,0,3055,
1,3060,0,3060,0,3060,384,3060,0,3060,
1,3108,0,3108,0,3108,384,3108,0,3108,
1,3101,0,3101,0,3101,384,3101,0,3101,
1,3099,0,3099,0,3099,384,3099,0,3099,
1,3046,0,3046,0,3046,384,3046,0,3046,
1,3044,0,3044,0,3044,384,3044,0,3044,
1,3031,0,3031,0,3031,384,3031,0,3031,
1,3102,0,3102,0,3102,384,3102,0,3102,
1,3115,0,3115,0,3115,384,3115,0,3115,
1,3121,0,3121,0,3121,384,3121,0,3121,
1,3039,0,3039,0,3039,384,3039,0,3039,
1,3042,0,3042,0,3042,384,3042,0,3042,
1,3045,0,3045,0,3045,384,3045,0,3045,
1,3289,0,3289,0,3289,384,3289,0,3289,
1,3099,0,3099,0,3099,384,3099,0,3099,
1,3076,0,3076,0,3076,384,3076,0,3076,
1,3038,0,3038,0,3038,384,3038,0,3038,
1,3040,0,3040,0,3040,384,3040,0,3040,
1,3059,0,3059,0,3059,384,3059,0,3059,
1,3066,0,3066,0,3066,384,3066,0,3066,
1,3096,0,3096,0,3096,384,3096,0,3096,
1,3060,0,3060,0,3060,384,3060,0,3060,
1,3046,0,3046,0,3046,384,3046,0,3046,
1,3034,0,3034,0,3034,384,3034,0,3034,
1,3049,0,3049,0,3049,384,3049,0,3049,
1,3043,0,3043,0,3043,384,3043,0,3043,
1,3096,0,3096,0,3096,384,3096,0,3096,
1,3073,0,3073,0,3073,384,3073,0,3073,
1,3064,0,3064,0,3064,384,3064,0,3064,
1,3035,0,3035,0,3035,384,3035,0,3035,
1,3047,0,3047,0,3047,384,3047,0,3047,
1,3035,0,3035,0,3035,384,3035,0,3035,
1,3077,0,3077,0,3077,384,3077,0,3077,
1,3039,0,3039,0,3039,384,3039,0,3039,
1,3084,0,3084,0,3084,384,3084,0,3084,
1,3028,0,3028,0,3028,384,3028,0,3028,
1,3076,0,3076,0,3076,384,3076,0,3076,
1,3031,0,3031,0,3031,384,3031,0,3031,
1,3074,0,3074,0,3074,384,3074,0,3074,
1,3043,0,3043,0,3043,384,3043,0,3043,
1,3099,0,3099,0,3099,384,3099,0,3099,
1,3028,0,3028,0,3028,384,3028,0,3028,
1,3061,0,3061,0,3061,384,3061,0,3061,
1,3034,0,3034,0,3034,384,3034,0,3034,
1,3087,0,3087,0,3087,384,3087,0,3087,
1,3089,0,3089,0,3089,384,3089,0,3089,
1,3098,0,3098,0,3098,384,3098,0,3098,
1,3027,0,3027,0,3027,384,3027,0,3027,
1,3369,0,3369,0,3369,384,3369,0,3369,
1,3029,0,3029,0,3029,384,3029,0,3029,
1,3065,0,3065,0,3065,384,3065,0,3065,
1,3047,0,3047,0,3047,384,3047,0,3047,
1,3054,0,3054,0,3054,384,3054,0,3054,
1,2995,0,2995,0,2995,384,2995,0,2995,
1,3031,0,3031,0,3031,384,3031,0,3031,
1,3065,0,3065,0,3065,384,3065,0,3065,
1,3087,0,3087,0,3087,384,3087,0,3087,
1,3033,0,3033,0,3033,384,3033,0,3033,
1,3025,0,3025,0,3025,384,3025,0,3025,
1,2979,0,2979,0,2979,384,2979,0,2979,
1,3024,0,3024,0,3024,384,3024,0,3024,
1,2975,0,2975,0,2975,384,2975,0,2975,
1,3039,0,3039,0,3039,384,3039,0,3039,
1,3091,0,3091,0,3091,384,3091,0,3091,
1,3020,0,3020,0,3020,384,3020,0,3020,
1,2981,0,2981,0,2981,384,2981,0,2981,
1,2977,0,2977,0,2977,384,2977,0,2977,
1,3065,0,3065,0,3065,384,3065,0,3065,
1,2992,0,2992,0,2992,384,2992,0,2992,
1,3034,0,3034,0,3034,384,3034,0,3034,
1,2994,0,2994,0,2994,384,2994,0,2994,
1,3007,0,3007,0,3007,384,3007,0,3007,
1,3003,0,3003,0,3003,384,3003,0,3003,
1,2997,0,2997,0,2997,384,2997,0,2997,
1,2976,0,2976,0,2976,384,2976,0,2976,
1,3108,0,3108,0,3108,384,3108,0,3108,
1,2982,0,2982,0,2982,384,2982,0,2982,
1,3033,0,3033,0,3033,384,3033,0,3033,
1,2974,0,2974,0,2974,384,2974,0,2974,
1,3005,0,3005,0,3005,384,3005,0,3005,
1,2986,0,2986,0,2986,384,2986,0,2986,
1,3070,0,3070,0,3070,384,3070,0,3070,
1,3016,0,3016,0,3016,384,3016,0,3016,
1,3050,0,3050,0,3050,384,3050,0,3050,
1,2979,0,2979,0,2979,384,2979,0,2979,
1,2990,0,2990,0,2990,384,2990,0,2990,
1,2983,0,2983,0,2983,384,2983,0,2983,
1,3052,0,3052,0,3052,384,3052,0,3052,
1,3047,0,3047,0,3047,384,3047,0,3047,
1,3042,0,3042,0,3042,384,3042,0,3042,
1,3009,0,3009,0,3009,384,3009,0,3009,
1,2985,0,2985,0,2985,384,2985,0,2985,
1,2992,0,2992,0,2992,384,2992,0,2992,
1,3017,0,3017,0,3017,384,3017,0,3017,
1,3243,0,3243,0,3243,384,3243,0,3243,
1,3020,0,3020,0,3020,384,3020,0,3020,
1,2993,0,2993,0,2993,384,2993,0,2993,
1,2984,0,2984,0,2984,384,2984,0,2984,
1,3103,0,3103,0,3103,384,3103,0,3103,
1,3017,0,3017,0,3017,384,3017,0,3017,
1,3040,0,3040,0,3040,384,3040,0,3040,
1,2986,0,2986,0,2986,384,2986,0,2986,
1,3008,0,3008,0,3008,384,3008,0,3008,
1,2982,0,2982,0,2982,384,2982,0,2982,
1,3009,0,3009,0,3009,384,3009,0,3009,
1,3211,0,3211,0,3211,384,3211,0,3211,
1,3097,0,3097,0,3097,384,3097,0,3097,
1,2991,0,2991,0,2991,384,2991,0,2991,
1,3080,0,3080,0,3080,384,3080,0,3080,
1,2976,0,2976,0,2976,384,2976,0,2976,
1,3105,0,3105,0,3105,384,3105,0,3105,
1,2985,0,2985,0,2985,384,2985,0,2985,
1,3050,0,3050,0,3050,384,3050,0,3050,
1,3056,0,3056,0,3056,384,3056,0,3056,
1,3047,0,3047,0,3047,384,3047,0,3047,
1,2988,0,2988,0,2988,384,2988,0,2988,
1,3006,0,3006,0,3006,384,3006,0,3006,
1,3007,0,3007,0,3007,384,3007,0,3007,
1,3061,0,3061,0,3061,384,3061,0,3061,
1,3036,0,3036,0,3036,384,3036,0,3036,
1,3048,0,3048,0,3048,384,3048,0,3048,
1,2988,0,2988,0,2988,384,2988,0,2988,
1,2996,0,2996,0,2996,384,2996,0,2996,
1,2991,0,2991,0,2991,384,2991,0,2991,
1,3059,0,3059,0,3059,384,3059,0,3059,
1,3059,0,3059,0,3059,384,3059,0,3059,
1,3054,0,3054,0,3054,384,3054,0,3054,
1,2995,0,2995,0,2995,384,2995,0,2995,
1,2990,0,2990,0,2990,384,2990,0,2990,
1,3109,0,3109,0,3109,384,3109,0,3109,
1,3011,0,3011,0,3011,384,3011,0,3011,
1,3052,0,3052,0,3052,384,3052,0,3052,
1,3013,0,3013,0,3013,384,3013,0,3013,
1,3002,0,3002,0,3002,384,3002,0,3002,
1,2996,0,2996,0,2996,384,2996,0,2996,
1,3030,0,3030,0,3030,384,3030,0,3030,
1,2991,0,2991,0,2991,384,2991,0,2991,
1,3115,0,3115,0,3115,384,3115,0,3115,
1,3034,0,3034,0,3034,384,3034,0,3034,
1,3048,0,3048,0,3048,384,3048,0,3048,
1,2984,0,2984,0,2984,384,2984,0,2984,
1,3018,0,3018,0,3018,384,3018,0,3018,
1,3001,0,3001,0,3001,384,3001,0,3001,
1,3030,0,3030,0,3030,384,3030,0,3030,
1,3051,0,3051,0,3051,384,3051,0,3051,
1,3052,0,3052,0,3052,384,3052,0,3052,
1,2994,0,2994,0,2994,384,2994,0,2994,
1,3012,0,3012,0,3012,384,3012,0,3012,
1,2996,0,2996,0,2996,384,2996,0,2996,
1,3059,0,3059,0,3059,384,3059,0,3059,
1,3043,0,3043,0,3043,384,3043,0,3043,
1,3047,0,3047,0,3047,384,3047,0,3047,
1,2997,0,2997,0,2997,384,2997,0,2997,
1,3027,0,3027,0,3027,384,3027,0,3027,
1,2998,0,2998,0,2998,384,2998,0,2998,
1,3053,0,3053,0,3053,384,3053,0,3053,
1,3060,0,3060,0,3060,384,3060,0,3060,
1,3051,0,3051,0,3051,384,3051,0,3051,
1,3000,0,3000,0,3000,384,3000,0,3000,
1,2995,0,2995,0,2995,384,2995,0,2995,
1,3119,0,3119,0,3119,384,3119,0,3119,
1,3037,0,3037,0,3037,384,3037,0,3037,
1,3104,0,3104,0,3104,384,3104,0,3104,
1,3017,0,3017,0,3017,384,3017,0,3017,
1,3014,0,3014,0,3014,384,3014,0,3014,
1,2994,0,2994,0,2994,384,2994,0,2994,
1,3003,0,3003,0,3003,384,3003,0,3003,
1,3155,0,3155,0,3155,384,3155,0,3155,
1,3151,0,3151,0,3151,384,3151,0,3151,
1,3010,0,3010,0,3010,384,3010,0,3010,
1,3026,0,3026,0,3026,384,3026,0,3026,
1,3122,0,3122,0,3122,384,3122,0,3122,
1,3020,0,3020,0,3020,384,3020,0,3020,
1,2995,0,2995,0,2995,384,2995,0,2995,
1,3048,0,3048,0,3048,384,3048,0,3048,
1,3041,0,3041,0,3041,384,3041,0,3041,
1,3048,0,3048,0,3048,384,3048,0,3048,
1,2990,0,2990,0,2990,384,2990,0,2990,
1,3022,0,3022,0,3022,384,3022,0,3022,
1,3006,0,3006,0,3006,384,3006,0,3006,
1,3077,0,3077,0,3077,384,3077,0,3077,
1,3019,0,3019,0,3019,384,3019,0,3019,
1,3049,0,3049,0,3049,384,3049,0,3049,
1,2992,0,2992,0,2992,384,2992,0,2992,
1,3019,0,3019,0,3019,384,3019,0,3019,
1,3001,0,3001,0,3001,384,3001,0,3001,
1,3096,0,3096,0,3096,384,3096,0,3096,
1,3050,0,3050,0,3050,384,3050,0,3050,
1,3067,0,3067,0,3067,384,3067,0,3067,
1,3024,0,3024,0,3024,384,3024,0,3024,
1,3016,0,3016,0,3016,384,3016,0,3016,
1,3128,0,3128,0,3128,384,3128,0,3128,
1,3053,0,3053,0,3053,384,3053,0,3053,
1,3070,0,3070,0,3070,384,3070,0,3070,
1,3046,0,3046,0,3046,384,3046,0,3046,
1,2997,0,2997,0,2997,384,2997,0,2997,
1,2999,0,2999,0,2999,384,2999,0,2999,
1,3001,0,3001,0,3001,384,3001,0,3001,
1,3527,0,3527,0,3527,384,3527,0,3527,
1,3195,0,3195,0,3195,384,3195,0,3195,
1,3148,0,3148,0,3148,384,3148,0,3148,
1,3101,0,3101,0,3101,384,3101,0,3101,
1,3120,0,3120,0,3120,384,3120,0,3120,
1,3086,0,3086,0,3086,384,3086,0,3086,
1,3127,0,3127,0,3127,384,3127,0,3127,
1,3155,0,3155,0,3155,384,3155,0,3155,
1,3145,0,3145,0,3145,384,3145,0,3145,
1,3120,0,3120,0,3120,384,3120,0,3120,
1,3095,0,3095,0,3095,384,3095,0,3095,
1,3092,0,3092,0,3092,384,3092,0,3092,
1,3146,0,3146,0,3146,384,3146,0,3146,
1,3167,0,3167,0,3167,384,3167,0,3167,
1,3139,0,3139,0,3139,384,3139,0,3139,
1,3086,0,3086,0,3086,384,3086,0,3086,
1,3101,0,3101,0,3101,384,3101,0,3101,
1,3095,0,3095,0,3095,384,3095,0,3095,
1,3202,0,3202,0,3202,384,3202,0,3202,
1,3140,0,3140,0,3140,384,3140,0,3140,
1,3127,0,3127,0,3127,384,3127,0,3127,
1,3072,0,3072,0,3072,384,3072,0,3072,
1,3078,0,3078,0,3078,384,3078,0,3078,
1,3283,0,3283,0,3283,384,3283,0,3283,
1,3138,0,3138,0,3138,384,3138,0,3138,
1,3135,0,3135,0,3135,384,3135,0,3135,
1,3130,0,3130,0,3130,384,3130,0,3130,
1,3119,0,3119,0,3119,384,3119,0,3119,
1,3086,0,3086,0,3086,384,3086,0,3086,
1,3084,0,3084,0,3084,384,3084,0,3084,
1,3139,0,3139,0,3139,384,3139,0,3139,
1,3156,0,3156,0,3156,384,3156,0,3156,
1,3139,0,3139,0,3139,384,3139,0,3139,
1,3080,0,3080,0,3080,384,3080,0,3080,
1,3078,0,3078,0,3078,384,3078,0,3078,
1,3080,0,3080,0,3080,384,3080,0,3080,
1,3144,0,3144,0,3144,384,3144,0,3144,
1,3147,0,3147,0,3147,384,3147,0,3147,
1,3117,0,3117,0,3117,384,3117,0,3117,
1,3117,0,3117,0,3117,384,3117,0,3117,
1,3079,0,3079,0,3079,384,3079,0,3079,
1,3084,0,3084,0,3084,384,3084,0,3084,
1,3121,0,3121,0,3121,384,3121,0,3121,
1,3162,0,3162,0,3162,384,3162,0,3162,
1,3119,0,3119,0,3119,384,3119,0,3119,
1,3113,0,3113,0,3113,384,3113,0,3113,
1,3088,0,3088,0,3088,384,3088,0,3088,
1,3099,0,3099,0,3099,384,3099,0,3099,
1,3116,0,3116,0,3116,384,3116,0,3116,
1,3148,0,3148,0,3148,384,3148,0,3148,
1,3123,0,3123,0,3123,384,3123,0,3123,
1,3089,0,3089,0,3089,384,3089,0,3089,
1,3076,0,3076,0,3076,384,3076,0,3076,
1,3077,0,3077,0,3077,384,3077,0,3077,
1,3135,0,3135,0,3135,384,3135,0,3135,
1,3253,0,3253,0,3253,384,3253,0,3253,
1,3082,0,3082,0,3082,384,3082,0,3082,
1,3024,0,3024,0,3024,384,3024,0,3024,
1,3026,0,3026,0,3026,384,3026,0,3026,
1,3029,0,3029,0,3029,384,3029,0,3029,
1,3554,0,3554,0,3554,384,3554,0,3554,
1,3214,0,3214,0,3214,384,3214,0,3214,
1,3139,0,3139,0,3139,384,3139,0,3139,
1,3084,0,3084,0,3084,384,3084,0,3084,
1,3096,0,3096,0,3096,384,3096,0,3096,
1,3019,0,3019,0,3019,384,3019,0,3019,
1,3067,0,3067,0,3067,384,3067,0,3067,
1,3092,0,3092,0,3092,384,3092,0,3092,
1,3047,0,3047,0,3047,384,3047,0,3047,
1,3023,0,3023,0,3023,384,3023,0,3023,
1,3018,0,3018,0,3018,384,3018,0,3018,
1,3024,0,3024,0,3024,384,3024,0,3024,
1,3045,0,3045,0,3045,384,3045,0,3045,
1,3076,0,3076,0,3076,384,3076,0,3076,
1,3021,0,3021,0,3021,384,3021,0,3021,
1,3352,0,3352,0,3352,384,3352,0,3352,
1,3107,0,3107,0,3107,384,3107,0,3107,
1,3101,0,3101,0,3101,384,3101,0,3101,
1,3095,0,3095,0,3095,384,3095,0,3095,
1,3159,0,3159,0,3159,384,3159,0,3159,
1,3092,0,3092,0,3092,384,3092,0,3092,
1,3126,0,3126,0,3126,384,3126,0,3126,
1,3072,0,3072,0,3072,384,3072,0,3072,
1,3080,0,3080,0,3080,384,3080,0,3080,
1,3076,0,3076,0,3076,384,3076,0,3076,
1,3291,0,3291,0,3291,384,3291,0,3291,
1,3053,0,3053,0,3053,384,3053,0,3053,
1,3050,0,3050,0,3050,384,3050,0,3050,
1,3022,0,3022,0,3022,384,3022,0,3022,
1,3037,0,3037,0,3037,384,3037,0,3037,
1,3039,0,3039,0,3039,384,3039,0,3039,
1,3186,0,3186,0,3186,384,3186,0,3186,
1,3013,0,3013,0,3013,384,3013,0,3013,
1,3069,0,3069,0,3069,384,3069,0,3069,
1,3009,0,3009,0,3009,384,3009,0,3009,
1,3035,0,3035,0,3035,384,3035,0,3035,
1,3014,0,3014,0,3014,384,3014,0,3014,
1,3059,0,3059,0,3059,384,3059,0,3059,
1,3035,0,3035,0,3035,384,3035,0,3035,
1,3090,0,3090,0,3090,384,3090,0,3090,
1,3019,0,3019,0,3019,384,3019,0,3019,
1,3040,0,3040,0,3040,384,3040,0,3040,
1,3016,0,3016,0,3016,384,3016,0,3016,
1,3071,0,3071,0,3071,384,3071,0,3071,
1,3046,0,3046,0,3046,384,3046,0,3046,
1,3080,0,3080,0,3080,384,3080,0,3080,
1,3009,0,3009,0,3009,384,3009,0,3009,
1,3022,0,3022,0,3022,384,3022,0,3022,
1,3041,0,3041,0,3041,384,3041,0,3041,
1,3078,0,3078,0,3078,384,3078,0,3078,
1,3071,0,3071,0,3071,384,3071,0,3071,
1,3076,0,3076,0,3076,384,3076,0,3076,
1,3010,0,3010,0,3010,384,3010,0,3010,
1,3058,0,3058,0,3058,384,3058,0,3058,
1,3157,0,3157,0,3157,384,3157,0,3157,
1,3078,0,3078,0,3078,384,3078,0,3078,
1,3139,0,3139,0,3139,384,3139,0,3139,
1,3092,0,3092,0,3092,384,3092,0,3092,
1,3018,0,3018,0,3018,384,3018,0,3018,
1,3013,0,3013,0,3013,384,3013,0,3013,
1,3014,0,3014,0,3014,384,3014,0,3014,
1,3043,0,3043,0,3043,384,3043,0,3043,
1,3162,0,3162,0,3162,384,3162,0,3162,
1,3105,0,3105,0,3105,384,3105,0,3105,
1,3005,0,3005,0,3005,384,3005,0,3005,
1,3003,0,3003,0,3003,384,3003,0,3003,
1,3052,0,3052,0,3052,384,3052,0,3052,
1,3009,0,3009,0,3009,384,3009,0,3009,
1,3065,0,3065,0,3065,384,3065,0,3065,
1,3004,0,3004,0,3004,384,3004,0,3004,
1,3036,0,3036,0,3036,384,3036,0,3036,
1,3195,0,3195,0,3195,384,3195,0,3195,
1,3020,0,3020,0,3020,384,3020,0,3020,
1,3005,0,3005,0,3005,384,3005,0,3005,
1,3067,0,3067,0,3067,384,3067,0,3067,
1,3028,0,3028,0,3028,384,3028,0,3028,
1,3045,0,3045,0,3045,384,3045,0,3045,
1,2995,0,2995,0,2995,384,2995,0,2995,
1,3150,0,3150,0,3150,384,3150,0,3150,
1,3007,0,3007,0,3007,384,3007,0,3007,
1,3056,0,3056,0,3056,384,3056,0,3056,
1,3023,0,3023,0,3023,384,3023,0,3023,
1,3071,0,3071,0,3071,384,3071,0,3071,
1,3067,0,3067,0,3067,384,3067,0,3067,
1,3053,0,3053,0,3053,384,3053,0,3053,
1,3122,0,3122,0,3122,384,3122,0,3122,
1,3066,0,3066,0,3066,384,3066,0,3066,
1,3027,0,3027,0,3027,384,3027,0,3027,
1,3084,0,3084,0,3084,384,3084,0,3084,
1,3001,0,3001,0,3001,384,3001,0,3001,
1,3018,0,3018,0,3018,384,3018,0,3018,
1,2999,0,2999,0,2999,384,2999,0,2999,
1,3080,0,3080,0,3080,384,3080,0,3080,
1,3164,0,3164,0,3164,384,3164,0,3164,
1,3075,0,3075,0,3075,384,3075,0,3075,
1,3000,0,3000,0,3000,384,3000,0,3000,
1,3105,0,3105,0,3105,384,3105,0,3105,
1,3015,0,3015,0,3015,384,3015,0,3015,
1,3079,0,3079,0,3079,384,3079,0,3079,
1,3077,0,3077,0,3077,384,3077,0,3077,
1,3054,0,3054,0,3054,384,3054,0,3054,
1,3015,0,3015,0,3015,384,3015,0,3015,
1,3329,0,3329,0,3329,384,3329,0,3329,
1,3139,0,3139,0,3139,384,3139,0,3139,
1,3147,0,3147,0,3147,384,3147,0,3147,
1,3160,0,3160,0,3160,384,3160,0,3160,
1,3160,0,3160,0,3160,384,3160,0,3160,
1,3080,0,3080,0,3080,384,3080,0,3080,
1,3085,0,3085,0,3085,384,3085,0,3085,
1,3080,0,3080,0,3080,384,3080,0,3080,
1,3128,0,3128,0,3128,384,3128,0,3128,
1,3166,0,3166,0,3166,384,3166,0,3166,
1,3129,0,3129,0,3129,384,3129,0,3129,
1,3090,0,3090,0,3090,384,3090,0,3090,
1,3084,0,3084,0,3084,384,3084,0,3084,
1,3080,0,3080,0,3080,384,3080,0,3080,
1,3133,0,3133,0,3133,384,3133,0,3133,
1,3160,0,3160,0,3160,384,3160,0,3160,
1,3134,0,3134,0,3134,384,3134,0,3134,
1,3089,0,3089,0,3089,384,3089,0,3089,
1,3103,0,3103,0,3103,384,3103,0,3103,
1,3289,0,3289,0,3289,384,3289,0,3289,
1,3142,0,3142,0,3142,384,3142,0,3142,
1,3161,0,3161,0,3161,384,3161,0,3161,
1,3140,0,3140,0,3140,384,3140,0,3140,
1,3264,0,3264,0,3264,384,3264,0,3264,
1,3087,0,3087,0,3087,384,3087,0,3087,
1,3083,0,3083,0,3083,384,3083,0,3083,
1,3148,0,3148,0,3148,384,3148,0,3148,
1,3172,0,3172,0,3172,384,3172,0,3172,
1,3132,0,3132,0,3132,384,3132,0,3132,
1,3087,0,3087,0,3087,384,3087,0,3087,
1,3088,0,3088,0,3088,384,3088,0,3088,
1,3081,0,3081,0,3081,384,3081,0,3081,
1,3136,0,3136,0,3136,384,3136,0,3136,
1,6387,0,6387,0,6387,384,6387,0,6387,
1,3222,0,3222,0,3222,384,3222,0,3222,
1,3120,0,3120,0,3120,384,3120,0,3120,
1,3146,0,3146,0,3146,384,3146,0,3146,
1,3175,0,3175,0,3175,384,3175,0,3175,
1,3947,0,3947,0,3947,384,3947,0,3947,
1,3209,0,3209,0,3209,384,3209,0,3209,
1,3103,0,3103,0,3103,384,3103,0,3103,
1,3135,0,3135,0,3135,384,3135,0,3135,
1,3220,0,3220,0,3220,384,3220,0,3220,
1,3148,0,3148,0,3148,384,3148,0,3148,
1,3108,0,3108,0,3108,384,3108,0,3108,
1,3190,0,3190,0,3190,384,3190,0,3190,
1,3092,0,3092,0,3092,384,3092,0,3092,
1,3114,0,3114,0,3114,384,3114,0,3114,
1,3323,0,3323,0,3323,384,3323,0,3323,
1,3199,0,3199,0,3199,384,3199,0,3199,
1,3105,0,3105,0,3105,384,3105,0,3105,
1,3142,0,3142,0,3142,384,3142,0,3142,
1,3089,0,3089,0,3089,384,3089,0,3089,
1,3118,0,3118,0,3118,384,3118,0,3118,
1,3125,0,3125,0,3125,384,3125,0,3125,
1,3147,0,3147,0,3147,384,3147,0,3147,
1,3108,0,3108,0,3108,384,3108,0,3108,
1,3144,0,3144,0,3144,384,3144,0,3144,
1,3092,0,3092,0,3092,384,3092,0,3092,
1,3114,0,3114,0,3114,384,3114,0,3114,
1,3101,0,3101,0,3101,384,3101,0,3101,
1,3150,0,3150,0,3150,384,3150,0,3150,
1,3098,0,3098,0,3098,384,3098,0,3098,
1,3167,0,3167,0,3167,384,3167,0,3167,
1,3183,0,3183,0,3183,384,3183,0,3183,
1,3125,0,3125,0,3125,384,3125,0,3125,
1,3094,0,3094,0,3094,384,3094,0,3094,
1,3136,0,3136,0,3136,384,3136,0,3136,
1,3104,0,3104,0,3104,384,3104,0,3104,
1,3155,0,3155,0,3155,384,3155,0,3155,
1,3096,0,3096,0,3096,384,3096,0,3096,
1,3120,0,3120,0,3120,384,3120,0,3120,
1,3234,0,3234,0,3234,384,3234,0,3234,
1,3142,0,3142,0,3142,384,3142,0,3142,
1,3096,0,3096,0,3096,384,3096,0,3096,
1,3137,0,3137,0,3137,384,3137,0,3137,
1,3090,0,3090,0,3090,384,3090,0,3090,
1,3109,0,3109,0,3109,384,3109,0,3109,
1,3101,0,3101,0,3101,384,3101,0,3101,
1,3213,0,3213,0,3213,384,3213,0,3213,
1,3143,0,3143,0,3143,384,3143,0,3143,
1,3165,0,3165,0,3165,384,3165,0,3165,
1,3096,0,3096,0,3096,384,3096,0,3096,
1,3124,0,3124,0,3124,384,3124,0,3124,
1,3094,0,3094,0,3094,384,3094,0,3094,
1,3157,0,3157,0,3157,384,3157,0,3157,
1,3111,0,3111,0,3111,384,3111,0,3111,
1,3133,0,3133,0,3133,384,3133,0,3133,
1,3099,0,3099,0,3099,384,3099,0,3099,
1,3112,0,3112,0,3112,384,3112,0,3112,
1,3124,0,3124,0,3124,384,3124,0,3124,
1,3141,0,3141,0,3141,384,3141,0,3141,
1,3106,0,3106,0,3106,384,3106,0,3106,
1,3149,0,3149,0,3149,384,3149,0,3149,
1,3093,0,3093,0,3093,384,3093,0,3093,
1,3113,0,3113,0,3113,384,3113,0,3113,
1,3098,0,3098,0,3098,384,3098,0,3098,
1,3143,0,3143,0,3143,384,3143,0,3143,
1,3107,0,3107,0,3107,384,3107,0,3107,
1,3175,0,3175,0,3175,384,3175,0,3175,
1,3098,0,3098,0,3098,384,3098,0,3098,
1,3133,0,3133,0,3133,384,3133,0,3133,
1,3224,0,3224,0,3224,384,3224,0,3224,
1,3148,0,3148,0,3148,384,3148,0,3148,
1,3106,0,3106,0,3106,384,3106,0,3106,
1,3143,0,3143,0,3143,384,3143,0,3143,
1,3093,0,3093,0,3093,384,3093,0,3093,
1,3120,0,3120,0,3120,384,3120,0,3120,
1,3313,0,3313,0,3313,384,3313,0,3313,
1,3420,0,3420,0,3420,384,3420,0,3420,
1,3290,0,3290,0,3290,384,3290,0,3290,
1,3177,0,3177,0,3177,384,3177,0,3177,
1,3149,0,3149,0,3149,384,3149,0,3149,
1,3186,0,3186,0,3186,384,3186,0,3186,
1,3167,0,3167,0,3167,384,3167,0,3167,
1,3200,0,3200,0,3200,384,3200,0,3200,
1,3158,0,3158,0,3158,384,3158,0,3158,
1,3185,0,3185,0,3185,384,3185,0,3185,
1,3133,0,3133,0,3133,384,3133,0,3133,
1,3338,0,3338,0,3338,384,3338,0,3338,
1,3174,0,3174,0,3174,384,3174,0,3174,
1,3200,0,3200,0,3200,384,3200,0,3200,
1,3173,0,3173,0,3173,384,3173,0,3173,
1,3147,0,3147,0,3147,384,3147,0,3147,
1,3152,0,3152,0,3152,384,3152,0,3152,
1,3133,0,3133,0,3133,384,3133,0,3133,
1,3466,0,3466,0,3466,384,3466,0,3466,
1,3208,0,3208,0,3208,384,3208,0,3208,
1,3203,0,3203,0,3203,384,3203,0,3203,
1,3344,0,3344,0,3344,384,3344,0,3344,
1,3160,0,3160,0,3160,384,3160,0,3160,
1,3138,0,3138,0,3138,384,3138,0,3138,
1,3199,0,3199,0,3199,384,3199,0,3199,
1,3179,0,3179,0,3179,384,3179,0,3179,
1,3217,0,3217,0,3217,384,3217,0,3217,
1,3178,0,3178,0,3178,384,3178,0,3178,
1,3157,0,3157,0,3157,384,3157,0,3157,
1,3139,0,3139,0,3139,384,3139,0,3139,
1,3248,0,3248,0,3248,384,3248,0,3248,
1,3366,0,3366,0,3366,384,3366,0,3366,
1,3199,0,3199,0,3199,384,3199,0,3199,
1,3141,0,3141,0,3141,384,3141,0,3141,
1,3174,0,3174,0,3174,384,3174,0,3174,
1,3141,0,3141,0,3141,384,3141,0,3141,
1,3217,0,3217,0,3217,384,3217,0,3217,
1,3153,0,3153,0,3153,384,3153,0,3153,
1,3205,0,3205,0,3205,384,3205,0,3205,
1,3146,0,3146,0,3146,384,3146,0,3146,
1,3175,0,3175,0,3175,384,3175,0,3175,
1,3144,0,3144,0,3144,384,3144,0,3144,
1,3215,0,3215,0,3215,384,3215,0,3215,
1,3147,0,3147,0,3147,384,3147,0,3147,
1,3186,0,3186,0,3186,384,3186,0,3186,
1,3181,0,3181,0,3181,384,3181,0,3181,
1,3169,0,3169,0,3169,384,3169,0,3169,
1,3139,0,3139,0,3139,384,3139,0,3139,
1,3216,0,3216,0,3216,384,3216,0,3216,
1,3149,0,3149,0,3149,384,3149,0,3149,
1,3168,0,3168,0,3168,384,3168,0,3168,
1,3136,0,3136,0,3136,384,3136,0,3136,
1,3162,0,3162,0,3162,384,3162,0,3162,
1,3148,0,3148,0,3148,384,3148,0,3148,
1,3234,0,3234,0,3234,384,3234,0,3234,
1,3142,0,3142,0,3142,384,3142,0,3142,
1,3170,0,3170,0,3170,384,3170,0,3170,
1,3133,0,3133,0,3133,384,3133,0,3133,
1,3163,0,3163,0,3163,384,3163,0,3163,
1,3441,0,3441,0,3441,384,3441,0,3441,
1,3341,0,3341,0,3341,384,3341,0,3341,
1,3176,0,3176,0,3176,384,3176,0,3176,
1,3139,0,3139,0,3139,384,3139,0,3139,
1,3138,0,3138,0,3138,384,3138,0,3138,
1,3109,0,3109,0,3109,384,3109,0,3109,
1,3146,0,3146,0,3146,384,3146,0,3146,
1,3183,0,3183,0,3183,384,3183,0,3183,
1,3164,0,3164,0,3164,384,3164,0,3164,
1,3116,0,3116,0,3116,384,3116,0,3116,
1,3256,0,3256,0,3256,384,3256,0,3256,
1,3120,0,3120,0,3120,384,3120,0,3120,
1,3197,0,3197,0,3197,384,3197,0,3197,
1,3213,0,3213,0,3213,384,3213,0,3213,
1,3167,0,3167,0,3167,384,3167,0,3167,
1,3117,0,3117,0,3117,384,3117,0,3117,
1,3207,0,3207,0,3207,384,3207,0,3207,
1,3115,0,3115,0,3115,384,3115,0,3115,
1,3191,0,3191,0,3191,384,3191,0,3191,
1,3180,0,3180,0,3180,384,3180,0,3180,
1,3184,0,3184,0,3184,384,3184,0,3184,
1,3125,0,3125,0,3125,384,3125,0,3125,
1,3149,0,3149,0,3149,384,3149,0,3149,
1,3255,0,3255,0,3255,384,3255,0,3255,
1,3187,0,3187,0,3187,384,3187,0,3187,
1,3226,0,3226,0,3226,384,3226,0,3226,
1,3198,0,3198,0,3198,384,3198,0,3198,
1,3117,0,3117,0,3117,384,3117,0,3117,
1,3139,0,3139,0,3139,384,3139,0,3139,
1,3329,0,3329,0,3329,384,3329,0,3329,
1,3429,0,3429,0,3429,384,3429,0,3429,
1,3210,0,3210,0,3210,384,3210,0,3210,
1,3220,0,3220,0,3220,384,3220,0,3220,
1,3115,0,3115,0,3115,384,3115,0,3115,
1,3194,0,3194,0,3194,384,3194,0,3194,
1,3115,0,3115,0,3115,384,3115,0,3115,
1,3169,0,3169,0,3169,384,3169,0,3169,
1,3151,0,3151,0,3151,384,3151,0,3151,
1,3157,0,3157,0,3157,384,3157,0,3157,
1,3121,0,3121,0,3121,384,3121,0,3121,
1,3165,0,3165,0,3165,384,3165,0,3165,
1,3120,0,3120,0,3120,384,3120,0,3120,
1,3177,0,3177,0,3177,384,3177,0,3177,
1,3134,0,3134,0,3134,384,3134,0,3134,
1,3328,0,3328,0,3328,384,3328,0,3328,
1,3216,0,3216,0,3216,384,3216,0,3216,
1,3205,0,3205,0,3205,384,3205,0,3205,
1,3201,0,3201,0,3201,384,3201,0,3201,
1,3288,0,3288,0,3288,384,3288,0,3288,
1,3222,0,3222,0,3222,384,3222,0,3222,
1,3194,0,3194,0,3194,384,3194,0,3194,
1,3168,0,3168,0,3168,384,3168,0,3168,
1,3177,0,3177,0,3177,384,3177,0,3177,
1,3228,0,3228,0,3228,384,3228,0,3228,
1,3382,0,3382,0,3382,384,3382,0,3382,
1,3177,0,3177,0,3177,384,3177,0,3177,
1,3109,0,3109,0,3109,384,3109,0,3109,
1,3130,0,3130,0,3130,384,3130,0,3130,
1,3131,0,3131,0,3131,384,3131,0,3131,
1,3176,0,3176,0,3176,384,3176,0,3176,
1,3461,0,3461,0,3461,384,3461,0,3461,
1,3321,0,3321,0,3321,384,3321,0,3321,
1,3104,0,3104,0,3104,384,3104,0,3104,
1,3118,0,3118,0,3118,384,3118,0,3118,
1,3141,0,3141,0,3141,384,3141,0,3141,
1,3173,0,3173,0,3173,384,3173,0,3173,
1,3153,0,3153,0,3153,384,3153,0,3153,
1,3187,0,3187,0,3187,384,3187,0,3187,
1,3103,0,3103,0,3103,384,3103,0,3103,
1,3118,0,3118,0,3118,384,3118,0,3118,
1,3102,0,3102,0,3102,384,3102,0,3102,
1,3163,0,3163,0,3163,384,3163,0,3163,
1,3147,0,3147,0,3147,384,3147,0,3147,
1,3166,0,3166,0,3166,384,3166,0,3166,
1,3110,0,3110,0,3110,384,3110,0,3110,
1,3130,0,3130,0,3130,384,3130,0,3130,
1,3136,0,3136,0,3136,384,3136,0,3136,
1,3157,0,3157,0,3157,384,3157,0,3157,
1,3143,0,3143,0,3143,384,3143,0,3143,
1,3161,0,3161,0,3161,384,3161,0,3161,
1,3103,0,3103,0,3103,384,3103,0,3103,
1,3124,0,3124,0,3124,384,3124,0,3124,
1,3239,0,3239,0,3239,384,3239,0,3239,
1,3172,0,3172,0,3172,384,3172,0,3172,
1,3140,0,3140,0,3140,384,3140,0,3140,
1,3208,0,3208,0,3208,384,3208,0,3208,
1,3112,0,3112,0,3112,384,3112,0,3112,
1,3132,0,3132,0,3132,384,3132,0,3132,
1,3118,0,3118,0,3118,384,3118,0,3118,
1,3163,0,3163,0,3163,384,3163,0,3163,
1,3204,0,3204,0,3204,384,3204,0,3204,
1,3167,0,3167,0,3167,384,3167,0,3167,
1,3108,0,3108,0,3108,384,3108,0,3108,
1,3144,0,3144,0,3144,384,3144,0,3144,
1,3130,0,3130,0,3130,384,3130,0,3130,
1,3162,0,3162,0,3162,384,3162,0,3162,
1,3126,0,3126,0,3126,384,3126,0,3126,
1,3177,0,3177,0,3177,384,3177,0,3177,
1,3113,0,3113,0,3113,384,3113,0,3113,
1,3139,0,3139,0,3139,384,3139,0,3139,
1,3107,0,3107,0,3107,384,3107,0,3107,
1,3159,0,3159,0,3159,384,3159,0,3159,
1,3109,0,3109,0,3109,384,3109,0,3109,
1,3201,0,3201,0,3201,384,3201,0,3201,
1,3113,0,3113,0,3113,384,3113,0,3113,
1,3174,0,3174,0,3174,384,3174,0,3174,
1,3110,0,3110,0,3110,384,3110,0,3110,
1,3185,0,3185,0,3185,384,3185,0,3185,
1,3118,0,3118,0,3118,384,3118,0,3118,
1,3169,0,3169,0,3169,384,3169,0,3169,
1,3214,0,3214,0,3214,384,3214,0,3214,
1,3144,0,3144,0,3144,384,3144,0,3144,
1,3265,0,3265,0,3265,384,3265,0,3265,
1,3155,0,3155,0,3155,384,3155,0,3155,
1,3106,0,3106,0,3106,384,3106,0,3106,
1,3162,0,3162,0,3162,384,3162,0,3162,
1,3110,0,3110,0,3110,384,3110,0,3110,
1,3139,0,3139,0,3139,384,3139,0,3139,
1,3111,0,3111,0,3111,384,3111,0,3111,
1,3211,0,3211,0,3211,384,3211,0,3211,
1,3119,0,3119,0,3119,384,3119,0,3119,
1,3180,0,3180,0,3180,384,3180,0,3180,
1,3114,0,3114,0,3114,384,3114,0,3114,
1,3213,0,3213,0,3213,384,3213,0,3213,
1,3114,0,3114,0,3114,384,3114,0,3114,
1,3172,0,3172,0,3172,384,3172,0,3172,
1,3174,0,3174,0,3174,384,3174,0,3174,
1,3155,0,3155,0,3155,384,3155,0,3155,
1,3119,0,3119,0,3119,384,3119,0,3119,
1,3139,0,3139,0,3139,384,3139,0,3139,
1,3149,0,3149,0,3149,384,3149,0,3149,
1,3182,0,3182,0,3182,384,3182,0,3182,
1,3126,0,3126,0,3126,384,3126,0,3126,
1,3140,0,3140,0,3140,384,3140,0,3140,
1,3109,0,3109,0,3109,384,3109,0,3109,
1,3134,0,3134,0,3134,384,3134,0,3134,
1,3123,0,3123,0,3123,384,3123,0,3123,
1,3186,0,3186,0,3186,384,3186,0,3186,
1,3146,0,3146,0,3146,384,3146,0,3146,
1,3190,0,3190,0,3190,384,3190,0,3190,
1,3111,0,3111,0,3111,384,3111,0,3111,
1,3139,0,3139,0,3139,384,3139,0,3139,
1,3253,0,3253,0,3253,384,3253,0,3253,
1,3183,0,3183,0,3183,384,3183,0,3183,
1,3141,0,3141,0,3141,384,3141,0,3141,
1,3136,0,3136,0,3136,384,3136,0,3136,
1,3107,0,3107,0,3107,384,3107,0,3107,
1,3133,0,3133,0,3133,384,3133,0,3133,
1,3172,0,3172,0,3172,384,3172,0,3172,
1,3282,0,3282,0,3282,384,3282,0,3282,
1,3187,0,3187,0,3187,384,3187,0,3187,
1,3141,0,3141,0,3141,384,3141,0,3141,
1,3110,0,3110,0,3110,384,3110,0,3110,
1,3124,0,3124,0,3124,384,3124,0,3124,
1,3154,0,3154,0,3154,384,3154,0,3154,
1,3189,0,3189,0,3189,384,3189,0,3189,
1,3153,0,3153,0,3153,384,3153,0,3153,
1,3164,0,3164,0,3164,384,3164,0,3164,
1,3117,0,3117,0,3117,384,3117,0,3117,
1,3123,0,3123,0,3123,384,3123,0,3123,
1,3173,0,3173,0,3173,384,3173,0,3173,
1,3194,0,3194,0,3194,384,3194,0,3194,
1,3154,0,3154,0,3154,384,3154,0,3154,
1,3132,0,3132,0,3132,384,3132,0,3132,
1,3109,0,3109,0,3109,384,3109,0,3109,
1,3116,0,3116,0,3116,384,3116,0,3116,
1,3203,0,3203,0,3203,384,3203,0,3203,
1,3359,0,3359,0,3359,384,3359,0,3359,
1,3171,0,3171,0,3171,384,3171,0,3171,
1,3112,0,3112,0,3112,384,3112,0,3112,
1,3140,0,3140,0,3140,384,3140,0,3140,
1,3121,0,3121,0,3121,384,3121,0,3121,
1,3312,0,3312,0,3312,384,3312,0,3312,
1,3181,0,3181,0,3181,384,3181,0,3181,
1,3180,0,3180,0,3180,384,3180,0,3180,
1,3151,0,3151,0,3151,384,3151,0,3151,
1,3143,0,3143,0,3143,384,3143,0,3143,
1,3120,0,3120,0,3120,384,3120,0,3120,
1,3457,0,3457,0,3457,384,3457,0,3457,
1,3242,0,3242,0,3242,384,3242,0,3242,
1,3192,0,3192,0,3192,384,3192,0,3192,
1,3134,0,3134,0,3134,384,3134,0,3134,
1,3150,0,3150,0,3150,384,3150,0,3150,
1,3131,0,3131,0,3131,384,3131,0,3131,
1,3207,0,3207,0,3207,384,3207,0,3207,
1,3142,0,3142,0,3142,384,3142,0,3142,
1,3530,0,3530,0,3530,384,3530,0,3530,
1,3288,0,3288,0,3288,384,3288,0,3288,
1,3283,0,3283,0,3283,384,3283,0,3283,
1,3274,0,3274,0,3274,384,3274,0,3274,
1,3301,0,3301,0,3301,384,3301,0,3301,
1,3259,0,3259,0,3259,384,3259,0,3259,
1,3294,0,3294,0,3294,384,3294,0,3294,
1,3253,0,3253,0,3253,384,3253,0,3253,
1,3259,0,3259,0,3259,384,3259,0,3259,
1,3288,0,3288,0,3288,384,3288,0,3288,
1,3313,0,3313,0,3313,384,3313,0,3313,
1,3266,0,3266,0,3266,384,3266,0,3266,
1,3249,0,3249,0,3249,384,3249,0,3249,
1,3249,0,3249,0,3249,384,3249,0,3249,
1,3238,0,3238,0,3238,384,3238,0,3238,
1,3321,0,3321,0,3321,384,3321,0,3321,
1,3314,0,3314,0,3314,384,3314,0,3314,
1,3314,0,3314,0,3314,384,3314,0,3314,
1,3246,0,3246,0,3246,384,3246,0,3246,
1,3267,0,3267,0,3267,384,3267,0,3267,
1,3245,0,3245,0,3245,384,3245,0,3245,
1,3317,0,3317,0,3317,384,3317,0,3317,
1,3252,0,3252,0,3252,384,3252,0,3252,
1,3300,0,3300,0,3300,384,3300,0,3300,
1,3254,0,3254,0,3254,384,3254,0,3254,
1,3293,0,3293,0,3293,384,3293,0,3293,
1,3255,0,3255,0,3255,384,3255,0,3255,
1,3326,0,3326,0,3326,384,3326,0,3326,
1,3266,0,3266,0,3266,384,3266,0,3266,
1,3282,0,3282,0,3282,384,3282,0,3282,
1,3245,0,3245,0,3245,384,3245,0,3245,
1,3255,0,3255,0,3255,384,3255,0,3255,
1,3297,0,3297,0,3297,384,3297,0,3297,
1,3308,0,3308,0,3308,384,3308,0,3308,
1,3313,0,3313,0,3313,384,3313,0,3313,
1,3257,0,3257,0,3257,384,3257,0,3257,
1,3263,0,3263,0,3263,384,3263,0,3263,
1,3248,0,3248,0,3248,384,3248,0,3248,
1,3323,0,3323,0,3323,384,3323,0,3323,
1,3280,0,3280,0,3280,384,3280,0,3280,
1,3305,0,3305,0,3305,384,3305,0,3305,
1,3254,0,3254,0,3254,384,3254,0,3254,
1,3278,0,3278,0,3278,384,3278,0,3278,
1,3277,0,3277,0,3277,384,3277,0,3277,
1,3295,0,3295,0,3295,384,3295,0,3295,
1,3263,0,3263,0,3263,384,3263,0,3263,
1,3275,0,3275,0,3275,384,3275,0,3275,
1,3237,0,3237,0,3237,384,3237,0,3237,
1,3258,0,3258,0,3258,384,3258,0,3258,
1,3500,0,3500,0,3500,384,3500,0,3500,
1,3509,0,3509,0,3509,384,3509,0,3509,
1,3262,0,3262,0,3262,384,3262,0,3262,
1,3235,0,3235,0,3235,384,3235,0,3235,
1,3205,0,3205,0,3205,384,3205,0,3205,
1,3186,0,3186,0,3186,384,3186,0,3186,
1,3253,0,3253,0,3253,384,3253,0,3253,
1,3257,0,3257,0,3257,384,3257,0,3257,
1,3247,0,3247,0,3247,384,3247,0,3247,
1,3200,0,3200,0,3200,384,3200,0,3200,
1,3238,0,3238,0,3238,384,3238,0,3238,
1,3194,0,3194,0,3194,384,3194,0,3194,
1,3274,0,3274,0,3274,384,3274,0,3274,
1,3435,0,3435,0,3435,384,3435,0,3435,
1,3250,0,3250,0,3250,384,3250,0,3250,
1,3200,0,3200,0,3200,384,3200,0,3200,
1,3231,0,3231,0,3231,384,3231,0,3231,
1,3198,0,3198,0,3198,384,3198,0,3198,
1,3249,0,3249,0,3249,384,3249,0,3249,
1,3199,0,3199,0,3199,384,3199,0,3199,
1,3245,0,3245,0,3245,384,3245,0,3245,
1,3233,0,3233,0,3233,384,3233,0,3233,
1,3215,0,3215,0,3215,384,3215,0,3215,
1,3208,0,3208,0,3208,384,3208,0,3208,
1,3255,0,3255,0,3255,384,3255,0,3255,
1,3214,0,3214,0,3214,384,3214,0,3214,
1,3237,0,3237,0,3237,384,3237,0,3237,
1,3207,0,3207,0,3207,384,3207,0,3207,
1,3205,0,3205,0,3205,384,3205,0,3205,
1,3403,0,3403,0,3403,384,3403,0,3403,
1,3298,0,3298,0,3298,384,3298,0,3298,
1,3440,0,3440,0,3440,384,3440,0,3440,
1,3231,0,3231,0,3231,384,3231,0,3231,
1,3227,0,3227,0,3227,384,3227,0,3227,
1,3191,0,3191,0,3191,384,3191,0,3191,
1,3270,0,3270,0,3270,384,3270,0,3270,
1,3240,0,3240,0,3240,384,3240,0,3240,
1,3249,0,3249,0,3249,384,3249,0,3249,
1,3205,0,3205,0,3205,384,3205,0,3205,
1,3252,0,3252,0,3252,384,3252,0,3252,
1,3201,0,3201,0,3201,384,3201,0,3201,
1,3257,0,3257,0,3257,384,3257,0,3257,
1,3228,0,3228,0,3228,384,3228,0,3228,
1,3247,0,3247,0,3247,384,3247,0,3247,
1,3199,0,3199,0,3199,384,3199,0,3199,
1,3221,0,3221,0,3221,384,3221,0,3221,
1,3203,0,3203,0,3203,384,3203,0,3203,
1,3333,0,3333,0,3333,384,3333,0,3333,
1,3239,0,3239,0,3239,384,3239,0,3239,
1,3244,0,3244,0,3244,384,3244,0,3244,
1,3203,0,3203,0,3203,384,3203,0,3203,
1,3219,0,3219,0,3219,384,3219,0,3219,
1,3227,0,3227,0,3227,384,3227,0,3227,
1,3287,0,3287,0,3287,384,3287,0,3287,
1,3225,0,3225,0,3225,384,3225,0,3225,
1,3234,0,3234,0,3234,384,3234,0,3234,
1,3195,0,3195,0,3195,384,3195,0,3195,
1,3224,0,3224,0,3224,384,3224,0,3224,
1,3388,0,3388,0,3388,384,3388,0,3388,
1,3377,0,3377,0,3377,384,3377,0,3377,
1,3236,0,3236,0,3236,384,3236,0,3236,
1,3197,0,3197,0,3197,384,3197,0,3197,
1,3223,0,3223,0,3223,384,3223,0,3223,
1,3275,0,3275,0,3275,384,3275,0,3275,
1,5490,0,5490,0,5490,384,5490,0,5490,
1,6333,0,6333,0,6333,384,6333,0,6333,
1,5544,0,5544,0,5544,384,5544,0,5544,
1,5899,0,5899,0,5899,384,5899,0,5899,
1,5598,0,5598,0,5598,384,5598,0,5598,
1,6267,0,6267,0,6267,384,6267,0,6267,
1,5637,0,5637,0,5637,384,5637,0,5637,
1,6011,0,6011,0,6011,384,6011,0,6011,
1,5330,0,5330,0,5330,384,5330,0,5330,
1,5687,0,5687,0,5687,384,5687,0,5687,
1,5598,0,5598,0,5598,384,5598,0,5598,
1,5899,0,5899,0,5899,384,5899,0,5899,
1,5270,0,5270,0,5270,384,5270,0,5270,
1,6074,0,6074,0,6074,384,6074,0,6074,
1,5157,0,5157,0,5157,384,5157,0,5157,
1,5403,0,5403,0,5403,384,5403,0,5403,
1,6343,0,6343,0,6343,384,6343,0,6343,
1,5989,0,5989,0,5989,384,5989,0,5989,
1,6472,0,6472,0,6472,384,6472,0,6472,
1,6532,0,6532,0,6532,480,6532,0,6532,
1,13385,0,13385,0,13385,384,13385,0,13385,
1,12047,0,12047,0,12047,384,12047,0,12047,
1,11563,0,11563,0,11563,384,11563,0,11563,
1,11644,0,11644,0,11644,384,11644,0,11644,
1,11487,0,11487,0,11487,384,11487,0,11487,
1,11621,0,11621,0,11621,384,11621,0,11621,
1,11670,0,11670,0,11670,384,11670,0,11670,
1,11523,0,11523,0,11523,384,11523,0,11523,
1,5756,0,5756,0,5756,384,5756,0,5756,
1,19508,0,19508,0,19508,384,19508,0,19508,
1,13847,0,13847,0,13847,384,13847,0,13847,
1,11977,0,11977,0,11977,384,11977,0,11977,
1,20812,0,20812,0,20812,384,20812,0,20812,
1,13644,0,13644,0,13644,384,13644,0,13644,
1,12876,0,12876,0,12876,384,12876,0,12876,
1,21151,0,21151,0,21151,384,21151,0,21151,
1,13712,0,13712,0,13712,384,13712,0,13712,
1,12459,0,12459,0,12459,384,12459,0,12459,
1,20918,0,20918,0,20918,384,20918,0,20918,
1,13806,0,13806,0,13806,384,13806,0,13806,
1,13116,0,13116,0,13116,384,13116,0,13116,
1,21283,0,21283,0,21283,384,21283,0,21283,
1,13805,0,13805,0,13805,384,13805,0,13805,
1,12342,0,12342,0,12342,384,12342,0,12342,
1,7984,0,7984,0,7984,480,7984,0,7984,
1,7280,0,7280,0,7280,384,7280,0,7280,
1,3345,0,3345,0,3345,5040,3345,0,3345,
1,3756,0,3756,0,3756,384,3756,0,3756,
1,3357,0,3357,0,3357,384,3357,0,3357,
1,3698,0,3698,0,3698,384,3698,0,3698,
1,3743,0,3743,0,3743,384,3743,0,3743,
1,3288,0,3288,0,3288,384,3288,0,3288,
1,3382,0,3382,0,3382,480,3382,0,3382,
1,4964,0,4964,0,4964,384,4964,0,4964,
1,5537,0,5537,0,5537,384,5537,0,5537,
1,13042,0,13042,0,13042,384,13042,0,13042,
1,13446,0,13446,0,13446,384,13446,0,13446,
1,13083,0,13083,0,13083,384,13083,0,13083,
1,12190,0,12190,0,12190,384,12190,0,12190,
1,19465,0,19465,0,19465,384,19465,0,19465,
1,13858,0,13858,0,13858,480,13858,0,13858,
1,13338,0,13338,0,13338,384,13338,0,13338,
1,14179,0,14179,0,14179,384,14179,0,14179,
1,14480,0,14480,0,14480,384,14480,0,14480,
1,21525,0,21525,0,21525,384,21525,0,21525,
1,5904,0,5904,0,5904,384,5904,0,5904,
1,22439,0,22439,0,22439,384,22439,0,22439,
1,14513,0,14513,0,14513,384,14513,0,14513,
1,13093,0,13093,0,13093,384,13093,0,13093,
1,21623,0,21623,0,21623,384,21623,0,21623,
1,14765,0,14765,0,14765,480,14765,0,14765,
1,14708,0,14708,0,14708,384,14708,0,14708,
1,14740,0,14740,0,14740,384,14740,0,14740,
1,21351,0,21351,0,21351,384,21351,0,21351,
1,14549,0,14549,0,14549,384,14549,0,14549,
1,14757,0,14757,0,14757,528,14757,0,14757,
1,21879,0,21879,0,21879,384,21879,0,21879,
1,14224,0,14224,0,14224,720,14224,0,14224,
1,6574,0,6574,0,6574,384,6574,0,6574,
1,8170,0,8170,0,8170,384,8170,0,8170,
1,4065,0,4065,0,4065,6000,4065,0,4065,
1,3586,0,3586,0,3586,384,3586,0,3586,
1,3261,0,3261,0,3261,384,3261,0,3261,
1,3238,0,3238,0,3238,384,3238,0,3238,
1,3207,0,3207,0,3207,384,3207,0,3207,
1,3208,0,3208,0,3208,384,3208,0,3208,
1,3221,0,3221,0,3221,480,3221,0,3221,
1,4707,0,4707,0,4707,1632,4707,0,4707,
1,6049,0,6049,0,6049,384,6049,0,6049,
1,13728,0,13728,0,13728,640,13728,0,13728,
1,15977,0,15977,0,15977,384,15977,0,15977,
1,12746,0,12746,0,12746,384,12746,0,12746,
1,12138,0,12138,0,12138,384,12138,0,12138,
1,11739,0,11739,0,11739,384,11739,0,11739,
1,11712,0,11712,0,11712,384,11712,0,11712,
1,11793,0,11793,0,11793,384,11793,0,11793,
1,11619,0,11619,0,11619,384,11619,0,11619,
1,5420,0,5420,0,5420,384,5420,0,5420,
1,19505,0,19505,0,19505,384,19505,0,19505,
1,13856,0,13856,0,13856,384,13856,0,13856,
1,13183,0,13183,0,13183,384,13183,0,13183,
1,20811,0,20811,0,20811,384,20811,0,20811,
1,13703,0,13703,0,13703,384,13703,0,13703,
1,12788,0,12788,0,12788,384,12788,0,12788,
1,20656,0,20656,0,20656,384,20656,0,20656,
1,13698,0,13698,0,13698,384,13698,0,13698,
1,12133,0,12133,0,12133,384,12133,0,12133,
1,13237,0,13237,0,13237,1280,13237,0,13237,
1,20150,0,20150,0,20150,384,20150,0,20150,
1,13717,0,13717,0,13717,384,13717,0,13717,
1,13361,0,13361,0,13361,384,13361,0,13361,
1,20124,0,20124,0,20124,384,20124,0,20124,
1,13451,0,13451,0,13451,384,13451,0,13451,
1,6829,0,6829,0,6829,384,6829,0,6829,
1,7719,0,7719,0,7719,384,7719,0,7719,
1,3329,0,3329,0,3329,9248,3329,0,3329,
1,3489,0,3489,0,3489,384,3489,0,3489,
1,3330,0,3330,0,3330,384,3330,0,3330,
1,3350,0,3350,0,3350,384,3350,0,3350,
1,3318,0,3318,0,3318,384,3318,0,3318,
1,3279,0,3279,0,3279,384,3279,0,3279,
1,4787,0,4787,0,4787,640,4787,0,4787,
1,7580,0,7580,0,7580,1024,7580,0,7580,
1,5254,0,5254,0,5254,480,5254,0,5254,
1,6032,0,6032,0,6032,565872,6032,0,6032,
1,5008,0,5008,0,5008,640,5008,0,5008,
1,5041,0,5041,0,5041,384,5041,0,5041,
1,4903,0,4903,0,4903,704,4903,0,4903,
1,4926,0,4926,0,4926,768,4926,0,4926,
1,5648,0,5648,0,5648,1632,5648,0,5648,
1,5784,0,5784,0,5784,1632,5784,0,5784,
1,5423,0,5423,0,5423,688,5423,0,5423,
1,5134,0,5134,0,5134,480,5134,0,5134,
1,5484,0,5484,0,5484,576,5484,0,5484,
1,5732,0,5732,0,5732,384,5732,0,5732,
1,5037,0,5037,0,5037,480,5037,0,5037,
1,5478,0,5478,0,5478,640,5478,0,5478,
1,5157,0,5157,0,5157,384,5157,0,5157,
1,4838,0,4838,0,4838,704,4838,0,4838,
1,4764,0,4764,0,4764,384,4764,0,4764,
1,5035,0,5035,0,5035,480,5035,0,5035,
1,5167,0,5167,0,5167,672,5167,0,5167,
1,5054,0,5054,0,5054,384,5054,0,5054,
1,4491,0,4491,0,4491,480,4491,0,4491,
1,4843,0,4843,0,4843,384,4843,0,4843,
1,4782,0,4782,0,4782,384,4782,0,4782,
1,4622,0,4622,0,4622,704,4622,0,4622,
1,4813,0,4813,0,4813,384,4813,0,4813,
1,4597,0,4597,0,4597,912,4597,0,4597,
1,5134,0,5134,0,5134,1584,5134,0,5134,
1,5272,0,5272,0,5272,1584,5272,0,5272,
1,5284,0,5284,0,5284,1584,5284,0,5284,
1,5450,0,5450,0,5450,1584,5450,0,5450,
1,5393,0,5393,0,5393,1584,5393,0,5393,
1,5279,0,5279,0,5279,1584,5279,0,5279,
1,5425,0,5425,0,5425,1584,5425,0,5425,
1,5309,0,5309,0,5309,1584,5309,0,5309,
1,5265,0,5265,0,5265,1584,5265,0,5265,
1,5310,0,5310,0,5310,1584,5310,0,5310,
1,5386,0,5386,0,5386,1584,5386,0,5386,
1,5344,0,5344,0,5344,1584,5344,0,5344,
1,5287,0,5287,0,5287,1584,5287,0,5287,
1,5310,0,5310,0,5310,1584,5310,0,5310,
1,5272,0,5272,0,5272,1584,5272,0,5272,
1,5980,0,5980,0,5980,1584,5980,0,5980,
1,4937,0,4937,0,4937,688,4937,0,4937,
1,4918,0,4918,0,4918,480,4918,0,4918,
1,4893,0,4893,0,4893,640,4893,0,4893,
1,5083,0,5083,0,5083,672,5083,0,5083,
1,4601,0,4601,0,4601,480,4601,0,4601,
1,4978,0,4978,0,4978,640,4978,0,4978,
1,4801,0,4801,0,4801,384,4801,0,4801,
1,4652,0,4652,0,4652,384,4652,0,4652,
1,5711,0,5711,0,5711,1216,5711,0,5711,
1,5447,0,5447,0,5447,896,5447,0,5447,
1,4666,0,4666,0,4666,656,4666,0,4666,
1,4807,0,4807,0,4807,2112,4807,0,4807,
1,5304,0,5304,0,5304,1584,5304,0,5304,
1,5476,0,5476,0,5476,1632,5476,0,5476,
1,5457,0,5457,0,5457,1584,5457,0,5457,
1,5317,0,5317,0,5317,1584,5317,0,5317,
1,5462,0,5462,0,5462,1584,5462,0,5462,
1,5390,0,5390,0,5390,1584,5390,0,5390,
1,5307,0,5307,0,5307,1584,5307,0,5307,
1,5372,0,5372,0,5372,1584,5372,0,5372,
1,5552,0,5552,0,5552,1584,5552,0,5552,
1,5375,0,5375,0,5375,1584,5375,0,5375,
1,5352,0,5352,0,5352,1584,5352,0,5352,
1,5418,0,5418,0,5418,1584,5418,0,5418,
1,5358,0,5358,0,5358,1584,5358,0,5358,
1,5290,0,5290,0,5290,1584,5290,0,5290,
1,5348,0,5348,0,5348,1584,5348,0,5348,
1,5400,0,5400,0,5400,1584,5400,0,5400,
1,5319,0,5319,0,5319,1584,5319,0,5319,
1,5363,0,5363,0,5363,1584,5363,0,5363,
1,5398,0,5398,0,5398,1584,5398,0,5398,
1,5363,0,5363,0,5363,1584,5363,0,5363,
1,5346,0,5346,0,5346,1584,5346,0,5346,
1,5285,0,5285,0,5285,1584,5285,0,5285,
1,5416,0,5416,0,5416,1584,5416,0,5416,
1,5402,0,5402,0,5402,1584,5402,0,5402,
1,5356,0,5356,0,5356,1584,5356,0,5356,
1,5280,0,5280,0,5280,1584,5280,0,5280,
1,5452,0,5452,0,5452,1632,5452,0,5452,
1,5382,0,5382,0,5382,1584,5382,0,5382,
1,5319,0,5319,0,5319,1584,5319,0,5319,
1,5829,0,5829,0,5829,1584,5829,0,5829,
1,4968,0,4968,0,4968,688,4968,0,4968,
1,4847,0,4847,0,4847,480,4847,0,4847,
1,4755,0,4755,0,4755,1152,4755,0,4755,
1,5067,0,5067,0,5067,672,5067,0,5067,
1,4907,0,4907,0,4907,384,4907,0,4907,
1,4510,0,4510,0,4510,576,4510,0,4510,
1,4462,0,4462,0,4462,640,4462,0,4462,
1,4991,0,4991,0,4991,384,4991,0,4991,
1,4705,0,4705,0,4705,384,4705,0,4705,
1,4606,0,4606,0,4606,704,4606,0,4606,
1,5189,0,5189,0,5189,704,5189,0,5189,
1,5512,0,5512,0,5512,704,5512,0,5512,
1,5275,0,5275,0,5275,704,5275,0,5275,
1,5693,0,5693,0,5693,704,5693,0,5693,
1,5148,0,5148,0,5148,512,5148,0,5148,
1,4913,0,4913,0,4913,480,4913,0,4913,
1,5211,0,5211,0,5211,2112,5211,0,5211,
1,5908,0,5908,0,5908,1632,5908,0,5908,
1,5293,0,5293,0,5293,2112,5293,0,5293,
1,5818,0,5818,0,5818,1584,5818,0,5818,
1,5219,0,5219,0,5219,2112,5219,0,5219,
1,5565,0,5565,0,5565,1632,5565,0,5565,
1,5899,0,5899,0,5899,1584,5899,0,5899,
1,6269,0,6269,0,6269,2112,6269,0,6269,
1,5482,0,5482,0,5482,1584,5482,0,5482,
1,5886,0,5886,0,5886,1584,5886,0,5886,
1,6251,0,6251,0,6251,1584,6251,0,6251,
1,5633,0,5633,0,5633,1584,5633,0,5633,
1,5351,0,5351,0,5351,1632,5351,0,5351,
1,5796,0,5796,0,5796,1584,5796,0,5796,
1,5009,0,5009,0,5009,1584,5009,0,5009,
1,5799,0,5799,0,5799,1584,5799,0,5799,
1,5651,0,5651,0,5651,1680,5651,0,5651,
1,5607,0,5607,0,5607,2112,5607,0,5607,
1,5556,0,5556,0,5556,640,5556,0,5556,
1,5273,0,5273,0,5273,480,5273,0,5273,
1,5051,0,5051,0,5051,480,5051,0,5051,
1,4855,0,4855,0,4855,640,4855,0,4855,
1,4928,0,4928,0,4928,672,4928,0,4928,
1,5174,0,5174,0,5174,384,5174,0,5174,
1,4739,0,4739,0,4739,480,4739,0,4739,
1,5290,0,5290,0,5290,896,5290,0,5290,
1,4872,0,4872,0,4872,384,4872,0,4872,
1,4773,0,4773,0,4773,384,4773,0,4773,
1,4495,0,4495,0,4495,704,4495,0,4495,
1,4902,0,4902,0,4902,704,4902,0,4902,
1,4982,0,4982,0,4982,704,4982,0,4982,
1,4995,0,4995,0,4995,704,4995,0,4995,
1,4943,0,4943,0,4943,704,4943,0,4943,
1,4959,0,4959,0,4959,704,4959,0,4959,
1,4900,0,4900,0,4900,704,4900,0,4900,
1,5617,0,5617,0,5617,1216,5617,0,5617,
1,4828,0,4828,0,4828,704,4828,0,4828,
1,5396,0,5396,0,5396,912,5396,0,5396,
1,5425,0,5425,0,5425,1584,5425,0,5425,
1,6161,0,6161,0,6161,1632,6161,0,6161,
1,5870,0,5870,0,5870,1584,5870,0,5870,
1,5776,0,5776,0,5776,1584,5776,0,5776,
1,5750,0,5750,0,5750,1632,5750,0,5750,
1,5254,0,5254,0,5254,688,5254,0,5254,
1,5395,0,5395,0,5395,480,5395,0,5395,
1,6036,0,6036,0,6036,576,6036,0,6036,
1,5528,0,5528,0,5528,576,5528,0,5528,
1,5721,0,5721,0,5721,576,5721,0,5721,
1,5456,0,5456,0,5456,576,5456,0,5456,
1,5312,0,5312,0,5312,672,5312,0,5312,
1,5198,0,5198,0,5198,480,5198,0,5198,
1,5031,0,5031,0,5031,640,5031,0,5031,
1,5734,0,5734,0,5734,384,5734,0,5734,
1,4606,0,4606,0,4606,896,4606,0,4606,
1,5205,0,5205,0,5205,704,5205,0,5205,
1,5182,0,5182,0,5182,704,5182,0,5182,
1,5353,0,5353,0,5353,912,5353,0,5353,
1,5434,0,5434,0,5434,1664,5434,0,5434,
1,5163,0,5163,0,5163,688,5163,0,5163,
1,5124,0,5124,0,5124,480,5124,0,5124,
1,5125,0,5125,0,5125,640,5125,0,5125,
1,5240,0,5240,0,5240,672,5240,0,5240,
1,5676,0,5676,0,5676,384,5676,0,5676,
1,5454,0,5454,0,5454,384,5454,0,5454,
1,5235,0,5235,0,5235,480,5235,0,5235,
1,5155,0,5155,0,5155,384,5155,0,5155,
1,5028,0,5028,0,5028,384,5028,0,5028,
1,4744,0,4744,0,4744,704,4744,0,4744,
1,5733,0,5733,0,5733,896,5733,0,5733,
1,5175,0,5175,0,5175,704,5175,0,5175,
1,4896,0,4896,0,4896,384,4896,0,4896,
1,5226,0,5226,0,5226,912,5226,0,5226,
1,5875,0,5875,0,5875,1712,5875,0,5875,
1,6265,0,6265,0,6265,1584,6265,0,6265,
1,5976,0,5976,0,5976,1584,5976,0,5976,
1,5973,0,5973,0,5973,1728,5973,0,5973,
1,5994,0,5994,0,5994,1584,5994,0,5994,
1,5587,0,5587,0,5587,1632,5587,0,5587,
1,5689,0,5689,0,5689,1632,5689,0,5689,
1,5836,0,5836,0,5836,1584,5836,0,5836,
1,5771,0,5771,0,5771,1584,5771,0,5771,
1,5801,0,5801,0,5801,1584,5801,0,5801,
1,5773,0,5773,0,5773,1584,5773,0,5773,
1,5531,0,5531,0,5531,1584,5531,0,5531,
1,5959,0,5959,0,5959,1584,5959,0,5959,
1,5356,0,5356,0,5356,1584,5356,0,5356,
1,5172,0,5172,0,5172,1584,5172,0,5172,
1,5212,0,5212,0,5212,1584,5212,0,5212,
1,5107,0,5107,0,5107,1584,5107,0,5107,
1,5758,0,5758,0,5758,1728,5758,0,5758,
1,6394,0,6394,0,6394,1632,6394,0,6394,
1,5430,0,5430,0,5430,1728,5430,0,5430,
1,5442,0,5442,0,5442,1632,5442,0,5442,
1,5858,0,5858,0,5858,1728,5858,0,5858,
1,5630,0,5630,0,5630,1616,5630,0,5630,
1,5622,0,5622,0,5622,1584,5622,0,5622,
1,5409,0,5409,0,5409,1584,5409,0,5409,
1,5614,0,5614,0,5614,1584,5614,0,5614,
1,6223,0,6223,0,6223,1584,6223,0,6223,
1,5922,0,5922,0,5922,1584,5922,0,5922,
1,5551,0,5551,0,5551,688,5551,0,5551,
1,5499,0,5499,0,5499,480,5499,0,5499,
1,5880,0,5880,0,5880,896,5880,0,5880,
1,5283,0,5283,0,5283,576,5283,0,5283,
1,5389,0,5389,0,5389,480,5389,0,5389,
1,4737,0,4737,0,4737,640,4737,0,4737,
1,5180,0,5180,0,5180,384,5180,0,5180,
1,4872,0,4872,0,4872,704,4872,0,4872,
1,4633,0,4633,0,4633,768,4633,0,4633,
1,5534,0,5534,0,5534,1584,5534,0,5534,
1,6007,0,6007,0,6007,1632,6007,0,6007,
1,5594,0,5594,0,5594,1632,5594,0,5594,
1,5508,0,5508,0,5508,1584,5508,0,5508,
1,5396,0,5396,0,5396,1584,5396,0,5396,
1,5389,0,5389,0,5389,1584,5389,0,5389,
1,5506,0,5506,0,5506,1584,5506,0,5506,
1,5353,0,5353,0,5353,1584,5353,0,5353,
1,5352,0,5352,0,5352,1584,5352,0,5352,
1,5319,0,5319,0,5319,1584,5319,0,5319,
1,5501,0,5501,0,5501,1584,5501,0,5501,
1,5688,0,5688,0,5688,1584,5688,0,5688,
1,5766,0,5766,0,5766,1776,5766,0,5766,
1,5753,0,5753,0,5753,1584,5753,0,5753,
1,5876,0,5876,0,5876,1584,5876,0,5876,
1,5837,0,5837,0,5837,2112,5837,0,5837,
1,5450,0,5450,0,5450,1584,5450,0,5450,
1,5626,0,5626,0,5626,688,5626,0,5626,
1,5769,0,5769,0,5769,688,5769,0,5769,
1,5546,0,5546,0,5546,688,5546,0,5546,
1,5707,0,5707,0,5707,480,5707,0,5707,
1,5964,0,5964,0,5964,576,5964,0,5964,
1,5499,0,5499,0,5499,672,5499,0,5499,
1,5154,0,5154,0,5154,672,5154,0,5154,
1,5618,0,5618,0,5618,384,5618,0,5618,
1,4939,0,4939,0,4939,576,4939,0,4939,
1,4994,0,4994,0,4994,640,4994,0,4994,
1,5276,0,5276,0,5276,384,5276,0,5276,
1,5079,0,5079,0,5079,1216,5079,0,5079,
1,4908,0,4908,0,4908,704,4908,0,4908,
1,4684,0,4684,0,4684,384,4684,0,4684,
1,5593,0,5593,0,5593,1632,5593,0,5593,
1,5502,0,5502,0,5502,1632,5502,0,5502,
1,5765,0,5765,0,5765,1616,5765,0,5765,
1,5955,0,5955,0,5955,1680,5955,0,5955,
1,5886,0,5886,0,5886,1584,5886,0,5886,
1,6132,0,6132,0,6132,1584,6132,0,6132,
1,5788,0,5788,0,5788,1584,5788,0,5788,
1,5950,0,5950,0,5950,1584,5950,0,5950,
1,5648,0,5648,0,5648,2112,5648,0,5648,
1,5638,0,5638,0,5638,1632,5638,0,5638,
1,5787,0,5787,0,5787,1584,5787,0,5787,
1,5491,0,5491,0,5491,1584,5491,0,5491,
1,5785,0,5785,0,5785,1584,5785,0,5785,
1,5564,0,5564,0,5564,1728,5564,0,5564,
1,5541,0,5541,0,5541,1632,5541,0,5541,
1,5694,0,5694,0,5694,1584,5694,0,5694,
1,5652,0,5652,0,5652,1584,5652,0,5652,
1,6098,0,6098,0,6098,1632,6098,0,6098,
1,5565,0,5565,0,5565,1664,5565,0,5565,
1,5488,0,5488,0,5488,1632,5488,0,5488,
1,5883,0,5883,0,5883,1584,5883,0,5883,
1,6021,0,6021,0,6021,1632,6021,0,6021,
1,5483,0,5483,0,5483,1584,5483,0,5483,
1,5225,0,5225,0,5225,1584,5225,0,5225,
1,5475,0,5475,0,5475,1632,5475,0,5475,
1,5255,0,5255,0,5255,1584,5255,0,5255,
1,5247,0,5247,0,5247,1584,5247,0,5247,
1,5302,0,5302,0,5302,1584,5302,0,5302,
1,5215,0,5215,0,5215,1584,5215,0,5215,
1,5225,0,5225,0,5225,1584,5225,0,5225,
1,5192,0,5192,0,5192,1584,5192,0,5192,
1,5346,0,5346,0,5346,1584,5346,0,5346,
1,5262,0,5262,0,5262,1584,5262,0,5262,
1,5228,0,5228,0,5228,1584,5228,0,5228,
1,5197,0,5197,0,5197,1584,5197,0,5197,
1,5399,0,5399,0,5399,1600,5399,0,5399,
1,5247,0,5247,0,5247,1584,5247,0,5247,
1,5218,0,5218,0,5218,1584,5218,0,5218,
1,5546,0,5546,0,5546,1584,5546,0,5546,
1,5265,0,5265,0,5265,1584,5265,0,5265,
1,5212,0,5212,0,5212,1584,5212,0,5212,
1,5195,0,5195,0,5195,1584,5195,0,5195,
1,5320,0,5320,0,5320,1584,5320,0,5320,
1,5276,0,5276,0,5276,1584,5276,0,5276,
1,5206,0,5206,0,5206,1584,5206,0,5206,
1,5214,0,5214,0,5214,1584,5214,0,5214,
1,5403,0,5403,0,5403,1584,5403,0,5403,
1,5298,0,5298,0,5298,1584,5298,0,5298,
1,5242,0,5242,0,5242,1584,5242,0,5242,
1,5327,0,5327,0,5327,1584,5327,0,5327,
1,5302,0,5302,0,5302,1584,5302,0,5302,
1,5247,0,5247,0,5247,1584,5247,0,5247,
1,5201,0,5201,0,5201,1584,5201,0,5201,
1,5368,0,5368,0,5368,1584,5368,0,5368,
1,5214,0,5214,0,5214,1584,5214,0,5214,
1,5244,0,5244,0,5244,1584,5244,0,5244,
1,5630,0,5630,0,5630,1584,5630,0,5630,
1,5702,0,5702,0,5702,1888,5702,0,5702,
1,5255,0,5255,0,5255,1584,5255,0,5255,
1,5250,0,5250,0,5250,1584,5250,0,5250,
1,5264,0,5264,0,5264,1584,5264,0,5264,
1,5376,0,5376,0,5376,1584,5376,0,5376,
1,5380,0,5380,0,5380,1584,5380,0,5380,
1,5169,0,5169,0,5169,1584,5169,0,5169,
1,5286,0,5286,0,5286,1600,5286,0,5286,
1,5167,0,5167,0,5167,1584,5167,0,5167,
1,5545,0,5545,0,5545,1728,5545,0,5545,
1,5734,0,5734,0,5734,1888,5734,0,5734,
1,5333,0,5333,0,5333,1584,5333,0,5333,
1,5283,0,5283,0,5283,1584,5283,0,5283,
1,5219,0,5219,0,5219,1584,5219,0,5219,
1,5356,0,5356,0,5356,1584,5356,0,5356,
1,5240,0,5240,0,5240,1584,5240,0,5240,
1,5318,0,5318,0,5318,1584,5318,0,5318,
1,5266,0,5266,0,5266,1584,5266,0,5266,
1,5230,0,5230,0,5230,1584,5230,0,5230,
1,5244,0,5244,0,5244,1584,5244,0,5244,
1,5630,0,5630,0,5630,1584,5630,0,5630,
1,5151,0,5151,0,5151,688,5151,0,5151,
1,4968,0,4968,0,4968,480,4968,0,4968,
1,4734,0,4734,0,4734,640,4734,0,4734,
1,4866,0,4866,0,4866,672,4866,0,4866,
1,5101,0,5101,0,5101,384,5101,0,5101,
1,4615,0,4615,0,4615,576,4615,0,4615,
1,5305,0,5305,0,5305,896,5305,0,5305,
1,5378,0,5378,0,5378,384,5378,0,5378,
1,4659,0,4659,0,4659,704,4659,0,4659,
1,5393,0,5393,0,5393,1216,5393,0,5393,
1,6210,0,6210,0,6210,896,6210,0,6210,
1,5433,0,5433,0,5433,896,5433,0,5433,
1,5066,0,5066,0,5066,704,5066,0,5066,
1,5636,0,5636,0,5636,704,5636,0,5636,
1,5128,0,5128,0,5128,512,5128,0,5128,
1,4926,0,4926,0,4926,384,4926,0,4926,
1,5801,0,5801,0,5801,1632,5801,0,5801,
1,5535,0,5535,0,5535,1584,5535,0,5535,
1,5754,0,5754,0,5754,1584,5754,0,5754,
1,5417,0,5417,0,5417,1584,5417,0,5417,
1,5809,0,5809,0,5809,1584,5809,0,5809,
1,5606,0,5606,0,5606,1584,5606,0,5606,
1,6266,0,6266,0,6266,1584,6266,0,6266,
1,5351,0,5351,0,5351,688,5351,0,5351,
1,5084,0,5084,0,5084,480,5084,0,5084,
1,5478,0,5478,0,5478,640,5478,0,5478,
1,5396,0,5396,0,5396,672,5396,0,5396,
1,5084,0,5084,0,5084,480,5084,0,5084,
1,4974,0,4974,0,4974,640,4974,0,4974,
1,5007,0,5007,0,5007,384,5007,0,5007,
1,5321,0,5321,0,5321,704,5321,0,5321,
1,5360,0,5360,0,5360,704,5360,0,5360,
1,4816,0,4816,0,4816,528,4816,0,4816,
1,5102,0,5102,0,5102,2112,5102,0,5102,
1,5278,0,5278,0,5278,1584,5278,0,5278,
1,5520,0,5520,0,5520,1616,5520,0,5520,
1,6045,0,6045,0,6045,1584,6045,0,6045,
1,5872,0,5872,0,5872,1584,5872,0,5872,
1,5477,0,5477,0,5477,1584,5477,0,5477,
1,5801,0,5801,0,5801,1584,5801,0,5801,
1,5519,0,5519,0,5519,688,5519,0,5519,
1,5114,0,5114,0,5114,480,5114,0,5114,
1,5439,0,5439,0,5439,640,5439,0,5439,
1,5846,0,5846,0,5846,672,5846,0,5846,
1,6009,0,6009,0,6009,576,6009,0,6009,
1,5738,0,5738,0,5738,384,5738,0,5738,
1,5380,0,5380,0,5380,480,5380,0,5380,
1,5915,0,5915,0,5915,384,5915,0,5915,
1,5365,0,5365,0,5365,384,5365,0,5365,
1,4906,0,4906,0,4906,1216,4906,0,4906,
1,5214,0,5214,0,5214,512,5214,0,5214,
1,5007,0,5007,0,5007,480,5007,0,5007,
1,5098,0,5098,0,5098,384,5098,0,5098,
1,5759,0,5759,0,5759,1632,5759,0,5759,
1,6218,0,6218,0,6218,1584,6218,0,6218,
1,5444,0,5444,0,5444,2112,5444,0,5444,
1,6052,0,6052,0,6052,1584,6052,0,6052,
1,6149,0,6149,0,6149,1584,6149,0,6149,
1,5688,0,5688,0,5688,1584,5688,0,5688,
1,5897,0,5897,0,5897,1632,5897,0,5897,
1,6243,0,6243,0,6243,1632,6243,0,6243,
1,5628,0,5628,0,5628,688,5628,0,5628,
1,5871,0,5871,0,5871,688,5871,0,5871,
1,5406,0,5406,0,5406,480,5406,0,5406,
1,5698,0,5698,0,5698,640,5698,0,5698,
1,5594,0,5594,0,5594,672,5594,0,5594,
1,5165,0,5165,0,5165,672,5165,0,5165,
1,5777,0,5777,0,5777,384,5777,0,5777,
1,5270,0,5270,0,5270,384,5270,0,5270,
1,5283,0,5283,0,5283,384,5283,0,5283,
1,4568,0,4568,0,4568,384,4568,0,4568,
1,5256,0,5256,0,5256,704,5256,0,5256,
1,5182,0,5182,0,5182,704,5182,0,5182,
1,5210,0,5210,0,5210,704,5210,0,5210,
1,5213,0,5213,0,5213,704,5213,0,5213,
1,5198,0,5198,0,5198,704,5198,0,5198,
1,5134,0,5134,0,5134,704,5134,0,5134,
1,5177,0,5177,0,5177,704,5177,0,5177,
1,5243,0,5243,0,5243,704,5243,0,5243,
1,5157,0,5157,0,5157,704,5157,0,5157,
1,5518,0,5518,0,5518,704,5518,0,5518,
1,5029,0,5029,0,5029,704,5029,0,5029,
1,5143,0,5143,0,5143,704,5143,0,5143,
1,5051,0,5051,0,5051,704,5051,0,5051,
1,5615,0,5615,0,5615,1216,5615,0,5615,
1,5508,0,5508,0,5508,1216,5508,0,5508,
1,5235,0,5235,0,5235,704,5235,0,5235,
1,5256,0,5256,0,5256,704,5256,0,5256,
1,5468,0,5468,0,5468,512,5468,0,5468,
1,5395,0,5395,0,5395,1216,5395,0,5395,
1,5157,0,5157,0,5157,704,5157,0,5157,
1,4626,0,4626,0,4626,480,4626,0,4626,
1,4962,0,4962,0,4962,1616,4962,0,4962,
1,5418,0,5418,0,5418,1584,5418,0,5418,
1,5395,0,5395,0,5395,1584,5395,0,5395,
1,5440,0,5440,0,5440,1584,5440,0,5440,
1,5337,0,5337,0,5337,1584,5337,0,5337,
1,5243,0,5243,0,5243,1632,5243,0,5243,
1,5445,0,5445,0,5445,1584,5445,0,5445,
1,5233,0,5233,0,5233,1584,5233,0,5233,
1,5286,0,5286,0,5286,1584,5286,0,5286,
1,5361,0,5361,0,5361,1584,5361,0,5361,
1,5259,0,5259,0,5259,1584,5259,0,5259,
1,5242,0,5242,0,5242,1584,5242,0,5242,
1,5369,0,5369,0,5369,1584,5369,0,5369,
1,5256,0,5256,0,5256,1616,5256,0,5256,
1,5310,0,5310,0,5310,1584,5310,0,5310,
1,5335,0,5335,0,5335,1584,5335,0,5335,
1,5239,0,5239,0,5239,1584,5239,0,5239,
1,5297,0,5297,0,5297,1584,5297,0,5297,
1,5224,0,5224,0,5224,1584,5224,0,5224,
1,5348,0,5348,0,5348,1584,5348,0,5348,
1,5282,0,5282,0,5282,1584,5282,0,5282,
1,5279,0,5279,0,5279,1584,5279,0,5279,
1,5281,0,5281,0,5281,1584,5281,0,5281,
1,5323,0,5323,0,5323,1584,5323,0,5323,
1,5332,0,5332,0,5332,1584,5332,0,5332,
1,5291,0,5291,0,5291,1632,5291,0,5291,
1,5496,0,5496,0,5496,1584,5496,0,5496,
1,5358,0,5358,0,5358,1584,5358,0,5358,
1,5187,0,5187,0,5187,1584,5187,0,5187,
1,5205,0,5205,0,5205,1584,5205,0,5205,
1,5883,0,5883,0,5883,1584,5883,0,5883,
1,5411,0,5411,0,5411,1632,5411,0,5411,
1,5225,0,5225,0,5225,1584,5225,0,5225,
1,5164,0,5164,0,5164,1584,5164,0,5164,
1,5156,0,5156,0,5156,1584,5156,0,5156,
1,5363,0,5363,0,5363,1728,5363,0,5363,
1,5514,0,5514,0,5514,2112,5514,0,5514,
1,5638,0,5638,0,5638,768,5638,0,5638,
1,5036,0,5036,0,5036,2112,5036,0,5036,
1,5398,0,5398,0,5398,1584,5398,0,5398,
1,5652,0,5652,0,5652,1584,5652,0,5652,
1,5568,0,5568,0,5568,688,5568,0,5568,
1,5298,0,5298,0,5298,1152,5298,0,5298,
1,5264,0,5264,0,5264,576,5264,0,5264,
1,5636,0,5636,0,5636,384,5636,0,5636,
1,4678,0,4678,0,4678,640,4678,0,4678,
1,5126,0,5126,0,5126,384,5126,0,5126,
1,5445,0,5445,0,5445,1216,5445,0,5445,
1,4934,0,4934,0,4934,704,4934,0,4934,
1,4672,0,4672,0,4672,640,4672,0,4672,
1,5084,0,5084,0,5084,1584,5084,0,5084,
1,5409,0,5409,0,5409,1584,5409,0,5409,
1,5540,0,5540,0,5540,1632,5540,0,5540,
1,5394,0,5394,0,5394,1584,5394,0,5394,
1,5417,0,5417,0,5417,1584,5417,0,5417,
1,5502,0,5502,0,5502,1584,5502,0,5502,
1,5467,0,5467,0,5467,1584,5467,0,5467,
1,5410,0,5410,0,5410,1584,5410,0,5410,
1,5334,0,5334,0,5334,1584,5334,0,5334,
1,5517,0,5517,0,5517,1584,5517,0,5517,
1,5370,0,5370,0,5370,1728,5370,0,5370,
1,5566,0,5566,0,5566,1584,5566,0,5566,
1,5481,0,5481,0,5481,1584,5481,0,5481,
1,5463,0,5463,0,5463,1584,5463,0,5463,
1,5334,0,5334,0,5334,1584,5334,0,5334,
1,5319,0,5319,0,5319,1584,5319,0,5319,
1,5947,0,5947,0,5947,1584,5947,0,5947,
1,5800,0,5800,0,5800,1776,5800,0,5800,
1,5359,0,5359,0,5359,640,5359,0,5359,
1,5618,0,5618,0,5618,896,5618,0,5618,
1,5175,0,5175,0,5175,1152,5175,0,5175,
1,5773,0,5773,0,5773,384,5773,0,5773,
1,5193,0,5193,0,5193,480,5193,0,5193,
1,5153,0,5153,0,5153,640,5153,0,5153,
1,5193,0,5193,0,5193,384,5193,0,5193,
1,4580,0,4580,0,4580,704,4580,0,4580,
1,5100,0,5100,0,5100,704,5100,0,5100,
1,5343,0,5343,0,5343,1216,5343,0,5343,
1,5386,0,5386,0,5386,704,5386,0,5386,
1,5408,0,5408,0,5408,704,5408,0,5408,
1,5044,0,5044,0,5044,704,5044,0,5044,
1,5133,0,5133,0,5133,704,5133,0,5133,
1,4949,0,4949,0,4949,704,4949,0,4949,
1,5075,0,5075,0,5075,704,5075,0,5075,
1,5231,0,5231,0,5231,704,5231,0,5231,
1,5446,0,5446,0,5446,704,5446,0,5446,
1,4922,0,4922,0,4922,704,4922,0,4922,
1,4536,0,4536,0,4536,480,4536,0,4536,
1,5293,0,5293,0,5293,2112,5293,0,5293,
1,6056,0,6056,0,6056,2112,6056,0,6056,
1,5378,0,5378,0,5378,2112,5378,0,5378,
1,5631,0,5631,0,5631,2112,5631,0,5631,
1,5374,0,5374,0,5374,1680,5374,0,5374,
1,5698,0,5698,0,5698,2112,5698,0,5698,
1,5718,0,5718,0,5718,1584,5718,0,5718,
1,5923,0,5923,0,5923,2032,5923,0,5923,
1,5719,0,5719,0,5719,2112,5719,0,5719,
1,5458,0,5458,0,5458,1584,5458,0,5458,
1,5797,0,5797,0,5797,1616,5797,0,5797,
1,5721,0,5721,0,5721,1584,5721,0,5721,
1,5971,0,5971,0,5971,2112,5971,0,5971,
1,5689,0,5689,0,5689,1728,5689,0,5689,
1,5507,0,5507,0,5507,1584,5507,0,5507,
1,6060,0,6060,0,6060,1888,6060,0,6060,
1,5613,0,5613,0,5613,1584,5613,0,5613,
1,6005,0,6005,0,6005,1568,6005,0,6005,
1,6131,0,6131,0,6131,1584,6131,0,6131,
1,5974,0,5974,0,5974,1584,5974,0,5974,
1,5791,0,5791,0,5791,1584,5791,0,5791,
1,5469,0,5469,0,5469,2112,5469,0,5469,
1,5488,0,5488,0,5488,1728,5488,0,5488,
1,5698,0,5698,0,5698,1584,5698,0,5698,
1,5292,0,5292,0,5292,1728,5292,0,5292,
1,5728,0,5728,0,5728,1584,5728,0,5728,
1,6277,0,6277,0,6277,1680,6277,0,6277,
1,5359,0,5359,0,5359,1728,5359,0,5359,
1,5483,0,5483,0,5483,1632,5483,0,5483,
1,5569,0,5569,0,5569,1584,5569,0,5569,
1,6012,0,6012,0,6012,1584,6012,0,6012,
1,6393,0,6393,0,6393,1632,6393,0,6393,
1,5481,0,5481,0,5481,1632,5481,0,5481,
1,5697,0,5697,0,5697,1584,5697,0,5697,
1,5483,0,5483,0,5483,688,5483,0,5483,
1,5415,0,5415,0,5415,1152,5415,0,5415,
1,5713,0,5713,0,5713,576,5713,0,5713,
1,5546,0,5546,0,5546,672,5546,0,5546,
1,5622,0,5622,0,5622,576,5622,0,5622,
1,5400,0,5400,0,5400,672,5400,0,5400,
1,5075,0,5075,0,5075,672,5075,0,5075,
1,5080,0,5080,0,5080,384,5080,0,5080,
1,5016,0,5016,0,5016,672,5016,0,5016,
1,5265,0,5265,0,5265,672,5265,0,5265,
1,5606,0,5606,0,5606,576,5606,0,5606,
1,5327,0,5327,0,5327,672,5327,0,5327,
1,5731,0,5731,0,5731,480,5731,0,5731,
1,5561,0,5561,0,5561,480,5561,0,5561,
1,5417,0,5417,0,5417,640,5417,0,5417,
1,5559,0,5559,0,5559,384,5559,0,5559,
1,5872,0,5872,0,5872,384,5872,0,5872,
1,6121,0,6121,0,6121,384,6121,0,6121,
1,5476,0,5476,0,5476,384,5476,0,5476,
1,4880,0,4880,0,4880,384,4880,0,4880,
1,4946,0,4946,0,4946,704,4946,0,4946,
1,5002,0,5002,0,5002,912,5002,0,5002,
1,5858,0,5858,0,5858,1616,5858,0,5858,
1,5661,0,5661,0,5661,2112,5661,0,5661,
1,5883,0,5883,0,5883,2112,5883,0,5883,
1,6044,0,6044,0,6044,1584,6044,0,6044,
1,5226,0,5226,0,5226,1584,5226,0,5226,
1,3390,0,3390,0,3390,384,3390,0,3390,
1,3523,0,3523,0,3523,384,3523,0,3523,
1,5206,0,5206,0,5206,384,5206,0,5206,
1,7954,0,7954,0,7954,384,7954,0,7954,
1,7992,0,7992,0,7992,384,7992,0,7992,
1,4850,0,4850,0,4850,3600,4850,0,4850,
1,4837,0,4837,0,4837,384,4837,0,4837,
1,4826,0,4826,0,4826,384,4826,0,4826,
1,4942,0,4942,0,4942,384,4942,0,4942,
1,4859,0,4859,0,4859,384,4859,0,4859,
1,4848,0,4848,0,4848,384,4848,0,4848,
1,4774,0,4774,0,4774,384,4774,0,4774,
1,5796,0,5796,0,5796,384,5796,0,5796,
1,5582,0,5582,0,5582,384,5582,0,5582,
1,5577,0,5577,0,5577,384,5577,0,5577,
1,5728,0,5728,0,5728,384,5728,0,5728,
1,5591,0,5591,0,5591,384,5591,0,5591,
1,5811,0,5811,0,5811,384,5811,0,5811,
1,119926,0,119926,0,119926,384,119926,0,119926,
1,3778,0,3778,0,3778,384,3778,0,3778,
1,3436,0,3436,0,3436,384,3436,0,3436,
1,3458,0,3458,0,3458,384,3458,0,3458,
1,3381,0,3381,0,3381,384,3381,0,3381,
1,3483,0,3483,0,3483,384,3483,0,3483,
1,3517,0,3517,0,3517,384,3517,0,3517,
1,3499,0,3499,0,3499,384,3499,0,3499,
1,3448,0,3448,0,3448,384,3448,0,3448,
1,3463,0,3463,0,3463,384,3463,0,3463,
1,3397,0,3397,0,3397,384,3397,0,3397,
1,3402,0,3402,0,3402,384,3402,0,3402,
1,3417,0,3417,0,3417,384,3417,0,3417,
1,3487,0,3487,0,3487,384,3487,0,3487,
1,3409,0,3409,0,3409,384,3409,0,3409,
1,3428,0,3428,0,3428,384,3428,0,3428,
1,3417,0,3417,0,3417,384,3417,0,3417,
1,3405,0,3405,0,3405,384,3405,0,3405,
1,3487,0,3487,0,3487,384,3487,0,3487,
1,3419,0,3419,0,3419,384,3419,0,3419,
1,3454,0,3454,0,3454,384,3454,0,3454,
1,3415,0,3415,0,3415,384,3415,0,3415,
1,3402,0,3402,0,3402,384,3402,0,3402,
1,3394,0,3394,0,3394,384,3394,0,3394,
1,3637,0,3637,0,3637,384,3637,0,3637,
1,3408,0,3408,0,3408,384,3408,0,3408,
1,3425,0,3425,0,3425,384,3425,0,3425,
1,3415,0,3415,0,3415,384,3415,0,3415,
1,3408,0,3408,0,3408,384,3408,0,3408,
1,3497,0,3497,0,3497,384,3497,0,3497,
1,3631,0,3631,0,3631,384,3631,0,3631,
1,3373,0,3373,0,3373,384,3373,0,3373,
1,3317,0,3317,0,3317,384,3317,0,3317,
1,3311,0,3311,0,3311,384,3311,0,3311,
1,3397,0,3397,0,3397,384,3397,0,3397,
1,3368,0,3368,0,3368,384,3368,0,3368,
1,3305,0,3305,0,3305,384,3305,0,3305,
1,3313,0,3313,0,3313,384,3313,0,3313,
1,3324,0,3324,0,3324,384,3324,0,3324,
1,3309,0,3309,0,3309,384,3309,0,3309,
1,3323,0,3323,0,3323,384,3323,0,3323,
1,3309,0,3309,0,3309,384,3309,0,3309,
1,3297,0,3297,0,3297,384,3297,0,3297,
1,3296,0,3296,0,3296,384,3296,0,3296,
1,3302,0,3302,0,3302,384,3302,0,3302,
1,3276,0,3276,0,3276,384,3276,0,3276,
1,3639,0,3639,0,3639,384,3639,0,3639,
1,3446,0,3446,0,3446,384,3446,0,3446,
1,3456,0,3456,0,3456,384,3456,0,3456,
1,3407,0,3407,0,3407,384,3407,0,3407,
1,3378,0,3378,0,3378,384,3378,0,3378,
1,3360,0,3360,0,3360,384,3360,0,3360,
1,3416,0,3416,0,3416,384,3416,0,3416,
1,3374,0,3374,0,3374,384,3374,0,3374,
1,3380,0,3380,0,3380,384,3380,0,3380,
1,3380,0,3380,0,3380,384,3380,0,3380,
1,3364,0,3364,0,3364,384,3364,0,3364,
1,3519,0,3519,0,3519,384,3519,0,3519,
1,3551,0,3551,0,3551,384,3551,0,3551,
1,3409,0,3409,0,3409,384,3409,0,3409,
1,3396,0,3396,0,3396,384,3396,0,3396,
1,3368,0,3368,0,3368,384,3368,0,3368,
1,3364,0,3364,0,3364,384,3364,0,3364,
1,3423,0,3423,0,3423,384,3423,0,3423,
1,3373,0,3373,0,3373,384,3373,0,3373,
1,3381,0,3381,0,3381,384,3381,0,3381,
1,3413,0,3413,0,3413,384,3413,0,3413,
1,3362,0,3362,0,3362,384,3362,0,3362,
1,3482,0,3482,0,3482,384,3482,0,3482,
1,3394,0,3394,0,3394,384,3394,0,3394,
1,3426,0,3426,0,3426,384,3426,0,3426,
1,3365,0,3365,0,3365,384,3365,0,3365,
1,3364,0,3364,0,3364,384,3364,0,3364,
1,3375,0,3375,0,3375,384,3375,0,3375,
1,3443,0,3443,0,3443,384,3443,0,3443,
1,3395,0,3395,0,3395,384,3395,0,3395,
1,3397,0,3397,0,3397,384,3397,0,3397,
1,3386,0,3386,0,3386,384,3386,0,3386,
1,3368,0,3368,0,3368,384,3368,0,3368,
1,3471,0,3471,0,3471,384,3471,0,3471,
1,3402,0,3402,0,3402,384,3402,0,3402,
1,3405,0,3405,0,3405,384,3405,0,3405,
1,3367,0,3367,0,3367,384,3367,0,3367,
1,3378,0,3378,0,3378,384,3378,0,3378,
1,3408,0,3408,0,3408,384,3408,0,3408,
1,3663,0,3663,0,3663,384,3663,0,3663,
1,3480,0,3480,0,3480,384,3480,0,3480,
1,3384,0,3384,0,3384,384,3384,0,3384,
1,3387,0,3387,0,3387,384,3387,0,3387,
1,3358,0,3358,0,3358,384,3358,0,3358,
1,3457,0,3457,0,3457,384,3457,0,3457,
1,3370,0,3370,0,3370,384,3370,0,3370,
1,3389,0,3389,0,3389,384,3389,0,3389,
1,3360,0,3360,0,3360,384,3360,0,3360,
1,3427,0,3427,0,3427,384,3427,0,3427,
1,3348,0,3348,0,3348,384,3348,0,3348,
1,3437,0,3437,0,3437,384,3437,0,3437,
1,3359,0,3359,0,3359,384,3359,0,3359,
1,3379,0,3379,0,3379,384,3379,0,3379,
1,3369,0,3369,0,3369,384,3369,0,3369,
1,3429,0,3429,0,3429,384,3429,0,3429,
1,3419,0,3419,0,3419,384,3419,0,3419,
1,3403,0,3403,0,3403,384,3403,0,3403,
1,3358,0,3358,0,3358,384,3358,0,3358,
1,3347,0,3347,0,3347,384,3347,0,3347,
1,3356,0,3356,0,3356,384,3356,0,3356,
1,3343,0,3343,0,3343,384,3343,0,3343,
1,3446,0,3446,0,3446,384,3446,0,3446,
1,3372,0,3372,0,337